,True_3TC,True_ABC,True_AZT,True_D4T,True_DDI,True_TDF,Pred_Proba_3TC,Pred_Proba_ABC,Pred_Proba_AZT,Pred_Proba_D4T,Pred_Proba_DDI,Pred_Proba_TDF
0,1.0,1.0,0.0,1.0,1.0,0.0,0.99619186,0.99986,0.6776634,0.80463225,0.9678345,0.18298599
1,1.0,1.0,1.0,0.0,1.0,0.0,0.9917233,0.99974865,0.67649627,0.6732675,0.79342633,0.115677014
2,0.0,0.0,0.0,0.0,0.0,0.0,0.008417516,0.0068589393,0.0027107378,0.04048075,0.06510036,0.0077077076
3,1.0,1.0,1.0,1.0,1.0,1.0,0.6862581,0.99490845,0.9503444,0.9792242,0.97042114,0.8939102
4,1.0,1.0,1.0,1.0,1.0,1.0,0.9980685,0.9998976,0.9498919,0.977321,0.9577525,0.4515142
5,1.0,1.0,1.0,1.0,1.0,0.0,0.9722171,0.9973899,0.9565601,0.97737134,0.985885,0.16276824
6,1.0,1.0,1.0,1.0,1.0,0.0,0.9926943,0.9997678,0.7018075,0.82783794,0.9442236,0.24704356
7,1.0,1.0,1.0,1.0,1.0,0.0,0.99698627,0.9998693,0.8296739,0.9137366,0.9860393,0.2148277
8,0.0,0.0,0.0,0.0,0.0,0.0,0.003610052,0.0017547191,0.0011687516,0.009815962,0.029550366,0.0014806408
9,1.0,1.0,1.0,1.0,1.0,1.0,0.28439727,0.5307411,0.7502104,0.7792844,0.5143589,0.7368221
10,1.0,1.0,1.0,1.0,1.0,1.0,0.9309951,0.99893683,0.9496498,0.98976415,0.99196863,0.7548701
11,0.0,1.0,1.0,1.0,1.0,1.0,0.72490376,0.9924608,0.9887768,0.9888177,0.93591493,0.9257251
12,1.0,1.0,1.0,0.0,0.0,1.0,0.99236655,0.99666697,0.42637545,0.48051363,0.73945147,0.22418885
13,1.0,1.0,1.0,1.0,1.0,0.0,0.98860246,0.99971783,0.8536488,0.9228339,0.8729459,0.693276
14,1.0,1.0,1.0,1.0,1.0,1.0,0.9989534,0.9998206,0.96115136,0.9636565,0.9506079,0.82851666
15,0.0,0.0,0.0,0.0,0.0,0.0,0.0062913727,0.03154082,0.0030900084,0.022307051,0.051222995,0.0059918156
16,1.0,1.0,0.0,1.0,1.0,0.0,0.99708885,0.9997883,0.9719225,0.96375567,0.8566829,0.3936524
17,1.0,1.0,1.0,1.0,1.0,1.0,0.9987107,0.99986726,0.9680146,0.9771311,0.95597416,0.3084976
18,1.0,0.0,0.0,0.0,0.0,0.0,0.9014726,0.3763934,0.0009684177,0.0088886395,0.50525737,0.0009495786
19,0.0,0.0,0.0,0.0,0.0,0.0,0.0034883393,0.0009940984,0.0011948954,0.008763591,0.025787689,0.0017874192
20,1.0,0.0,0.0,0.0,0.0,0.0,0.9905274,0.97556335,0.002354263,0.010374386,0.6597124,0.00094639015
21,0.0,0.0,1.0,0.0,0.0,1.0,0.08398986,0.3223817,0.7563475,0.2721265,0.07987807,0.67789954
22,0.0,0.0,0.0,0.0,0.0,0.0,0.0042063575,0.002272965,0.0013283296,0.009944583,0.05124007,0.0015390273
23,1.0,1.0,1.0,1.0,1.0,0.0,0.99492234,0.9996782,0.6434618,0.8035687,0.8835531,0.23884891
24,1.0,1.0,1.0,1.0,1.0,0.0,0.99703014,0.9998962,0.8495205,0.93128467,0.9915768,0.35588473
25,0.0,0.0,0.0,0.0,0.0,0.0,0.008209106,0.0033633003,0.0019228985,0.009757608,0.036518317,0.00830332
26,1.0,1.0,1.0,1.0,1.0,0.0,0.9988373,0.99986315,0.91005623,0.9845181,0.9858431,0.26762336
27,0.0,0.0,0.0,0.0,0.0,0.0,0.014793945,0.033300836,0.24999583,0.07340822,0.06416717,0.11424494
28,0.0,1.0,1.0,1.0,0.0,0.0,0.19992739,0.83427036,0.81288564,0.76811856,0.2240023,0.32900605
29,1.0,1.0,1.0,1.0,1.0,1.0,0.9986845,0.999775,0.97511464,0.98517466,0.9262859,0.6544084
30,0.0,0.0,0.0,0.0,0.0,0.0,0.004038568,0.0020213549,0.0007723248,0.007071929,0.029515276,0.002679224
31,1.0,1.0,1.0,1.0,1.0,0.0,0.99463236,0.999856,0.9505168,0.8865654,0.91986144,0.2908141
32,1.0,1.0,1.0,1.0,1.0,1.0,0.99881476,0.999843,0.92677575,0.95770437,0.9652615,0.31970882
33,0.0,0.0,0.0,0.0,0.0,0.0,0.0042290683,0.0018414038,0.0014576692,0.016003741,0.038181383,0.0029155356
34,1.0,1.0,0.0,0.0,1.0,0.0,0.99031436,0.99185324,0.098646484,0.14658514,0.6004744,0.07318875
35,1.0,1.0,1.0,1.0,1.0,1.0,0.9952259,0.9997901,0.667269,0.87728935,0.9809945,0.5313825
36,1.0,1.0,0.0,0.0,0.0,0.0,0.44826806,0.3545966,0.56902665,0.21695212,0.5747158,0.4676896
37,1.0,1.0,1.0,1.0,1.0,0.0,0.9915714,0.99982125,0.55100024,0.63415295,0.9734368,0.25041732
38,1.0,1.0,1.0,1.0,1.0,1.0,0.82237685,0.976949,0.905206,0.93564713,0.95607555,0.37855807
39,0.0,1.0,0.0,1.0,1.0,0.0,0.09236674,0.8820205,0.038847,0.361585,0.74146354,0.029679216
40,0.0,1.0,1.0,1.0,1.0,0.0,0.14609286,0.9707765,0.95518327,0.99022734,0.95404917,0.32137546
41,1.0,1.0,1.0,1.0,1.0,1.0,0.9989732,0.99985415,0.92230517,0.9649365,0.93889374,0.756073
42,0.0,0.0,0.0,0.0,0.0,0.0,0.012676576,0.013214648,0.0012251309,0.011902185,0.052313298,0.019486832
43,0.0,0.0,0.0,0.0,0.0,0.0,0.0030256833,0.0028284271,0.0013087455,0.011844356,0.029363476,0.0016305877
44,0.0,0.0,0.0,0.0,0.0,0.0,0.0033462814,0.0017283668,0.0013895129,0.010128323,0.038261224,0.0023319817
45,0.0,0.0,1.0,0.0,0.0,1.0,0.11106911,0.44717413,0.6113056,0.62522614,0.103697084,0.18656115
46,0.0,0.0,0.0,0.0,0.0,0.0,0.004681208,0.0019944964,0.0011962742,0.008338339,0.036342293,0.0018425086
47,0.0,0.0,0.0,0.0,0.0,0.0,0.0033414445,0.0059131333,0.002096692,0.02023895,0.022899725,0.0030509415
48,1.0,1.0,0.0,0.0,1.0,0.0,0.98908377,0.9990627,0.009139445,0.016264781,0.9391709,0.008026817
49,0.0,1.0,1.0,1.0,0.0,0.0,0.31597635,0.9129324,0.93281,0.95174694,0.5142098,0.85035414
50,1.0,1.0,0.0,0.0,1.0,0.0,0.98651767,0.97463703,0.0021069613,0.011237206,0.5460999,0.0011311881
51,1.0,1.0,1.0,1.0,1.0,1.0,0.99799895,0.9995515,0.79844445,0.9122169,0.9767203,0.6891198
52,1.0,1.0,1.0,0.0,0.0,1.0,0.9950382,0.9997821,0.8306643,0.7496619,0.855379,0.49158618
53,0.0,0.0,1.0,0.0,0.0,1.0,0.4026176,0.46651924,0.91726375,0.48639542,0.14482048,0.8865228
54,1.0,0.0,0.0,0.0,1.0,0.0,0.95426774,0.41538936,0.0011438938,0.0061732763,0.46950793,0.001047007
55,1.0,1.0,1.0,1.0,1.0,1.0,0.9961923,0.99972576,0.9738927,0.9140519,0.7923811,0.6152654
56,1.0,1.0,0.0,0.0,1.0,0.0,0.975984,0.9980068,0.0018518963,0.012385991,0.9216936,0.0030885222
57,1.0,1.0,1.0,1.0,1.0,1.0,0.7756231,0.9715159,0.984067,0.98986083,0.7760878,0.9741117
58,1.0,1.0,0.0,0.0,1.0,0.0,0.9480379,0.19217075,0.001143285,0.006820849,0.47282553,0.0010060376
59,1.0,1.0,1.0,1.0,1.0,1.0,0.99752384,0.9992206,0.69542456,0.9363577,0.9087787,0.58258706
60,0.0,0.0,0.0,0.0,0.0,0.0,0.005619182,0.011762939,0.0009827149,0.008915867,0.039966255,0.0014042653
61,0.0,0.0,0.0,0.0,0.0,0.0,0.010271209,0.0945845,0.011387558,0.03821811,0.1998627,0.010528933
62,1.0,1.0,0.0,0.0,1.0,0.0,0.9867844,0.9891205,0.18871765,0.033306923,0.50310177,0.015861172
63,0.0,0.0,0.0,0.0,0.0,0.0,0.040043887,0.102874614,0.0016297591,0.010136019,0.03635823,0.0025256546
64,0.0,1.0,0.0,1.0,1.0,0.0,0.061924756,0.16708155,0.30173358,0.17323196,0.06730904,0.22199306
65,0.0,0.0,0.0,0.0,0.0,0.0,0.26850203,0.38385168,0.1712286,0.16209516,0.23241664,0.15797651
66,1.0,1.0,0.0,0.0,1.0,0.0,0.9897853,0.9845338,0.0008987316,0.008047937,0.5292598,0.007416423
67,1.0,1.0,0.0,0.0,1.0,0.0,0.9719933,0.74316424,0.0010332955,0.008554892,0.5711423,0.0010757209
68,1.0,1.0,0.0,1.0,0.0,0.0,0.99922836,0.9999188,0.9605075,0.9862569,0.9655372,0.86107886
69,1.0,1.0,0.0,0.0,1.0,0.0,0.98536015,0.9506143,0.0009559677,0.007833585,0.3969916,0.0012945698
70,0.0,1.0,1.0,1.0,1.0,1.0,0.7325341,0.98843914,0.98804486,0.9755769,0.70965135,0.9758473
71,1.0,1.0,1.0,1.0,1.0,1.0,0.99781674,0.99978125,0.95077574,0.89415324,0.9354738,0.5580782
72,0.0,0.0,1.0,0.0,0.0,0.0,0.021686457,0.07721701,0.15318534,0.06543785,0.03834303,0.009912296
73,1.0,1.0,0.0,0.0,0.0,0.0,0.99050033,0.9946308,0.26261446,0.55119485,0.7739489,0.15392235
74,0.0,0.0,0.0,0.0,0.0,0.0,0.004278101,0.0015856415,0.0017079747,0.010032225,0.025379222,0.002402455
75,0.0,0.0,0.0,0.0,0.0,0.0,0.004548068,0.003016687,0.0014611755,0.012077689,0.034933716,0.0025293368
76,0.0,0.0,0.0,0.0,0.0,0.0,0.0034717037,0.0020088218,0.001206566,0.007866254,0.024174627,0.0029211421
77,0.0,1.0,1.0,1.0,1.0,1.0,0.7447165,0.9881691,0.98722684,0.98649645,0.85674524,0.8748162
78,1.0,1.0,1.0,0.0,1.0,0.0,0.9858068,0.99923885,0.32908368,0.36950195,0.9442446,0.18706304
79,0.0,1.0,1.0,1.0,0.0,1.0,0.10835895,0.57738054,0.8054836,0.46653414,0.0636121,0.2541854
80,0.0,0.0,0.0,0.0,0.0,0.0,0.00342469,0.004154935,0.00090623635,0.009770947,0.064148724,0.0024756307
81,1.0,1.0,1.0,1.0,1.0,0.0,0.9976017,0.99988586,0.84402573,0.84552974,0.85154325,0.48875457
82,0.0,0.0,0.0,0.0,1.0,0.0,0.004754733,0.0013423582,0.0010433223,0.0083604865,0.028384909,0.0020294895
83,0.0,0.0,0.0,0.0,0.0,0.0,0.0035148677,0.00106622,0.0008592936,0.008547692,0.02384824,0.0013844379
84,1.0,1.0,0.0,0.0,1.0,0.0,0.9937864,0.99782187,0.7582007,0.4155808,0.6376798,0.22639161
85,1.0,1.0,1.0,1.0,1.0,0.0,0.9977313,0.9995762,0.8858955,0.87566453,0.8989033,0.41129586
86,1.0,1.0,1.0,1.0,1.0,1.0,0.9975678,0.9998226,0.9774865,0.98154116,0.9328424,0.8216473
87,1.0,1.0,0.0,1.0,1.0,1.0,0.99623144,0.9993013,0.67924786,0.68415815,0.9082594,0.71439743
88,1.0,1.0,1.0,1.0,1.0,1.0,0.999082,0.9998712,0.9152787,0.9895214,0.9856243,0.53742266
89,1.0,1.0,0.0,0.0,1.0,0.0,0.9907463,0.98022246,0.00076456426,0.0048562502,0.5789545,0.0007150533
90,1.0,1.0,0.0,1.0,1.0,1.0,0.9818599,0.59962326,0.0011539971,0.14913051,0.83978724,0.880342
91,1.0,1.0,1.0,1.0,1.0,1.0,0.99703556,0.9970259,0.8389406,0.8409804,0.947824,0.21508089
92,0.0,1.0,0.0,0.0,0.0,0.0,0.72626686,0.55270076,0.2030165,0.09115538,0.6376124,0.025851354
93,0.0,0.0,0.0,0.0,0.0,0.0,0.003557248,0.0024668472,0.0009637128,0.007988612,0.024163974,0.0015492995
94,1.0,1.0,1.0,1.0,1.0,0.0,0.9988257,0.99991316,0.93511844,0.9833672,0.9901582,0.45429638
95,0.0,0.0,0.0,0.0,0.0,0.0,0.0044727908,0.0039954796,0.001125495,0.00923508,0.03857367,0.0035406079
96,1.0,1.0,1.0,1.0,1.0,1.0,0.8718598,0.97907186,0.98427784,0.99215627,0.85639286,0.97108424
97,0.0,0.0,1.0,0.0,0.0,1.0,0.072392724,0.83107114,0.91777307,0.79694265,0.18376368,0.7428063
98,0.0,0.0,0.0,0.0,0.0,0.0,0.0040672617,0.0016538366,0.0010256553,0.009026588,0.030046029,0.0013265199
99,1.0,1.0,0.0,0.0,1.0,0.0,0.9899635,0.9401336,0.0020321668,0.15169522,0.8816246,0.45036694
100,0.0,0.0,0.0,0.0,0.0,0.0,0.0041490397,0.03237915,0.0022293932,0.01543621,0.041163832,0.0022287103
101,1.0,1.0,1.0,1.0,1.0,1.0,0.99802685,0.99989444,0.9577242,0.9520397,0.9189955,0.5825674
102,0.0,0.0,0.0,0.0,0.0,0.0,0.004589384,0.0011235703,0.0011838584,0.00747564,0.022956772,0.0015631401
103,0.0,1.0,0.0,0.0,1.0,1.0,0.99816716,0.99910975,0.0017321117,0.26778188,0.9685235,0.4861751
104,1.0,1.0,0.0,0.0,0.0,0.0,0.98844624,0.97871363,0.0007763189,0.008506146,0.58450466,0.00089494843
105,0.0,0.0,0.0,0.0,0.0,0.0,0.008580478,0.0044349586,0.0014625441,0.013785632,0.047859415,0.03952935
106,1.0,1.0,1.0,1.0,1.0,1.0,0.9950676,0.9995804,0.82701737,0.73224556,0.8175646,0.35535038
107,1.0,1.0,0.0,0.0,1.0,0.0,0.98391795,0.99935293,0.0011122678,0.0066692648,0.9105397,0.0014515719
108,0.0,0.0,0.0,0.0,0.0,0.0,0.005831958,0.0051188697,0.0010294628,0.012347127,0.04381276,0.0012899367
109,1.0,1.0,1.0,1.0,1.0,1.0,0.9984407,0.99992424,0.93215925,0.9815491,0.9738002,0.9183916
110,0.0,1.0,1.0,1.0,1.0,0.0,0.99883485,0.9999255,0.8778959,0.9771462,0.98890895,0.42609215
111,0.0,0.0,0.0,0.0,0.0,0.0,0.008611411,0.014358535,0.0013398961,0.018367743,0.029958595,0.008306035
112,1.0,1.0,1.0,1.0,1.0,0.0,0.99831444,0.99989617,0.95341575,0.9851152,0.9809847,0.34347102
113,1.0,1.0,1.0,1.0,1.0,1.0,0.94942516,0.99097914,0.8616663,0.95156753,0.9663592,0.5048767
114,0.0,0.0,0.0,0.0,0.0,0.0,0.0075460956,0.002684635,0.0011299399,0.0065237326,0.033686183,0.0044816616
115,1.0,1.0,0.0,0.0,0.0,0.0,0.9901574,0.97356844,0.0010240835,0.0063350247,0.5370058,0.00066476874
116,0.0,0.0,1.0,0.0,0.0,0.0,0.07833283,0.09607141,0.6947509,0.3047056,0.13718048,0.2587549
117,0.0,0.0,0.0,0.0,0.0,0.0,0.010727739,0.0035373354,0.0015731143,0.010811865,0.06190583,0.0044110143
118,1.0,1.0,1.0,1.0,1.0,1.0,0.9969577,0.9991925,0.6598383,0.7512449,0.9728612,0.3031987
119,0.0,0.0,0.0,0.0,0.0,0.0,0.00277409,0.0018566721,0.001344453,0.009856595,0.022826388,0.0020466307
120,0.0,0.0,0.0,0.0,0.0,0.0,0.008592329,0.0028896495,0.00086984865,0.014383801,0.035252888,0.0016213197
121,0.0,0.0,0.0,0.0,0.0,0.0,0.003434882,0.0017505476,0.0013786167,0.008531892,0.040601864,0.0016649691
122,1.0,1.0,1.0,1.0,1.0,1.0,0.9957146,0.999835,0.5891525,0.6804775,0.78248286,0.30064812
123,0.0,0.0,0.0,0.0,0.0,0.0,0.01822378,0.015440792,0.027128885,0.03976013,0.052304238,0.050000153
124,1.0,1.0,0.0,0.0,1.0,0.0,0.9685998,0.99970526,0.07260141,0.16407791,0.924593,0.036417156
125,1.0,1.0,0.0,0.0,1.0,1.0,0.99807435,0.99927855,0.0009383018,0.1737176,0.9581331,0.30854562
126,1.0,1.0,0.0,0.0,1.0,1.0,0.9315352,0.9151828,0.0037084075,0.482916,0.88911164,0.90091103
127,1.0,1.0,1.0,0.0,0.0,0.0,0.98502547,0.99963146,0.96185225,0.97281265,0.9457386,0.7210016
128,1.0,1.0,0.0,1.0,1.0,0.0,0.99583673,0.9997995,0.40299562,0.43576843,0.93188596,0.15033837
129,0.0,0.0,0.0,0.0,0.0,0.0,0.0032774655,0.0024897517,0.000836294,0.0131835975,0.038396996,0.0052280147
130,0.0,0.0,0.0,0.0,0.0,0.0,0.039781585,0.11925112,0.0032639762,0.06646614,0.051273227,0.014981015
131,1.0,1.0,0.0,0.0,0.0,0.0,0.9689543,0.98392534,0.049865406,0.07736255,0.6892302,0.11026995
132,1.0,1.0,1.0,1.0,1.0,0.0,0.81140685,0.9955972,0.9401225,0.90014446,0.85574967,0.76946634
133,1.0,1.0,0.0,0.0,0.0,0.0,0.9936706,0.99811715,0.25702703,0.19886744,0.51908445,0.013724533
134,0.0,0.0,0.0,0.0,0.0,0.0,0.0067793345,0.021120792,0.0017907771,0.019078614,0.033301327,0.0014658215
135,0.0,0.0,0.0,0.0,0.0,0.0,0.011053692,0.008775495,0.0013135158,0.0145839695,0.03884224,0.008723399
136,1.0,1.0,1.0,0.0,0.0,1.0,0.9907905,0.9979199,0.46747994,0.24770576,0.7424507,0.15126985
137,1.0,1.0,0.0,0.0,1.0,0.0,0.9924389,0.9972012,0.0007626735,0.016851202,0.85104406,0.0016381347
138,1.0,1.0,1.0,1.0,1.0,1.0,0.85180444,0.96824384,0.8686463,0.8151229,0.6188668,0.2931323
139,0.0,0.0,0.0,0.0,0.0,0.0,0.0040067043,0.0024313342,0.0009950316,0.008699293,0.035471503,0.0011471533
140,0.0,1.0,1.0,1.0,1.0,1.0,0.7171036,0.95186996,0.99376523,0.9772141,0.8595105,0.84827054
141,0.0,0.0,0.0,0.0,0.0,0.0,0.07439126,0.108668685,0.36212662,0.075990595,0.122020066,0.28346378
142,1.0,1.0,1.0,1.0,1.0,1.0,0.99897665,0.99979746,0.960648,0.9694563,0.9749296,0.54321396
143,1.0,1.0,1.0,0.0,1.0,0.0,0.9932646,0.9993915,0.7213458,0.63432467,0.7383174,0.13167821
144,1.0,1.0,1.0,1.0,1.0,1.0,0.9975704,0.99982935,0.9790732,0.9673971,0.9022562,0.82810557
145,1.0,1.0,0.0,0.0,1.0,0.0,0.9980521,0.9994978,0.0024789781,0.24739212,0.97729045,0.5858542
146,0.0,0.0,1.0,0.0,0.0,0.0,0.17246825,0.701962,0.76811546,0.567709,0.09175551,0.4743437
147,1.0,1.0,1.0,1.0,1.0,1.0,0.9982794,0.99976516,0.9727188,0.9756176,0.9678962,0.5027566
148,0.0,1.0,1.0,1.0,1.0,0.0,0.09503935,0.97370327,0.82907677,0.8495074,0.77930254,0.6412493
149,1.0,1.0,0.0,0.0,0.0,0.0,0.9945345,0.9882903,0.0053649023,0.037213944,0.5595225,0.047918048
150,1.0,1.0,1.0,1.0,1.0,1.0,0.9499167,0.9985998,0.9472049,0.96339935,0.9900142,0.49860862
151,1.0,1.0,1.0,1.0,1.0,1.0,0.9649619,0.9923693,0.92231035,0.9760689,0.98850614,0.92927307
152,1.0,1.0,1.0,1.0,1.0,0.0,0.99902135,0.99980223,0.9655533,0.9745783,0.9545804,0.5118124
153,1.0,1.0,1.0,0.0,0.0,0.0,0.99469614,0.9994857,0.8876306,0.9185351,0.5930482,0.2660939
154,0.0,0.0,0.0,0.0,0.0,0.0,0.01089977,0.0041057793,0.0024664511,0.012444738,0.058273066,0.002016041
155,1.0,1.0,1.0,1.0,1.0,1.0,0.9941298,0.9997779,0.8896777,0.9532102,0.83649963,0.56518745
156,0.0,0.0,0.0,0.0,0.0,0.0,0.48138362,0.41985455,0.87365365,0.69595844,0.6515472,0.8147333
157,1.0,1.0,1.0,1.0,1.0,0.0,0.9930827,0.9985107,0.83847606,0.89036155,0.90692997,0.3487148
158,0.0,0.0,0.0,0.0,0.0,0.0,0.019442499,0.0076002833,0.0016926032,0.009105869,0.034816846,0.0047173505
159,1.0,1.0,1.0,1.0,1.0,1.0,0.9991357,0.9998306,0.96259344,0.98814887,0.98135686,0.59244436
160,0.0,0.0,0.0,0.0,0.0,0.0,0.0038561414,0.009567896,0.0013205691,0.007960426,0.030458715,0.001600967
161,1.0,1.0,1.0,1.0,0.0,0.0,0.99705875,0.9997647,0.94813144,0.9481553,0.969991,0.7285084
162,0.0,1.0,1.0,1.0,0.0,1.0,0.27801013,0.8294958,0.96795994,0.88722247,0.263169,0.8516241
163,1.0,1.0,1.0,1.0,1.0,1.0,0.9955563,0.99932337,0.6123676,0.69237775,0.8654417,0.62006056
164,0.0,0.0,0.0,0.0,0.0,0.0,0.0068523358,0.00218915,0.0012024705,0.013982754,0.036119618,0.0044540423
165,0.0,0.0,0.0,0.0,0.0,0.0,0.0042416314,0.002011697,0.00090608594,0.014524476,0.031899482,0.0018510459
166,1.0,1.0,1.0,1.0,1.0,1.0,0.7745925,0.92859095,0.8571948,0.69696915,0.7827134,0.6006656
167,1.0,1.0,0.0,0.0,0.0,0.0,0.98558366,0.98100585,0.0008613889,0.016176423,0.6700456,0.0013570563
168,0.0,0.0,0.0,0.0,0.0,0.0,0.0033632026,0.0018170852,0.0009213125,0.01042944,0.024345262,0.0014759558
169,1.0,1.0,0.0,0.0,1.0,0.0,0.99818945,0.9993922,0.08110925,0.27083728,0.98455244,0.25338477
170,0.0,1.0,1.0,1.0,0.0,1.0,0.19961688,0.6830876,0.9137151,0.7450254,0.24071796,0.92125
171,1.0,1.0,0.0,0.0,1.0,0.0,0.99013007,0.9861373,0.009861769,0.01964666,0.6060196,0.019382041
172,1.0,1.0,0.0,1.0,1.0,0.0,0.9939691,0.9999317,0.75615287,0.8645774,0.9618687,0.16599947
173,1.0,1.0,1.0,1.0,0.0,0.0,0.15914278,0.9016165,0.54705864,0.65339315,0.7616041,0.4961943
174,1.0,1.0,1.0,1.0,0.0,1.0,0.4489708,0.8957813,0.98271334,0.92059624,0.45745203,0.92841035
175,0.0,0.0,0.0,0.0,0.0,0.0,0.0025902214,0.0019926978,0.0009839776,0.009000911,0.031043677,0.0013655501
176,1.0,1.0,1.0,1.0,1.0,0.0,0.99726534,0.99977165,0.7206977,0.7834554,0.8676084,0.27180246
177,1.0,1.0,0.0,0.0,1.0,0.0,0.97156143,0.7497019,0.0013037159,0.25070637,0.90710276,0.8250758
178,0.0,0.0,0.0,0.0,0.0,0.0,0.02847093,0.05066579,0.1315173,0.029646289,0.06992856,0.07962795
179,0.0,0.0,0.0,0.0,0.0,0.0,0.0027387268,0.001377966,0.0008986984,0.0075706905,0.028353812,0.0014214603
180,0.0,0.0,0.0,0.0,0.0,0.0,0.004367652,0.001402535,0.0008759872,0.008987695,0.05179806,0.001330829
181,1.0,1.0,1.0,1.0,1.0,1.0,0.9984795,0.99964327,0.96949184,0.90387756,0.8497337,0.58472985
182,0.0,0.0,0.0,0.0,0.0,0.0,0.014597958,0.04257831,0.0061570588,0.06464108,0.096558265,0.006911159
183,1.0,1.0,0.0,0.0,1.0,0.0,0.9939871,0.99990004,0.66695815,0.77274895,0.952341,0.08998695
184,1.0,1.0,1.0,1.0,1.0,1.0,0.9951706,0.9998773,0.89283305,0.8614776,0.88391256,0.3419545
185,1.0,1.0,0.0,0.0,1.0,0.0,0.98884225,0.97094965,0.0005317407,0.005769603,0.42587104,0.0008711776
186,1.0,1.0,1.0,1.0,1.0,1.0,0.99491405,0.9996415,0.80916274,0.9549609,0.95460397,0.48756748
187,1.0,1.0,1.0,1.0,1.0,1.0,0.9946879,0.9996521,0.9141998,0.9234751,0.96210366,0.55546266
188,1.0,1.0,1.0,1.0,1.0,0.0,0.994402,0.9999221,0.7764019,0.92720723,0.9836379,0.31898105
189,0.0,0.0,0.0,0.0,0.0,0.0,0.003657792,0.0013924582,0.0010200248,0.009038737,0.021490201,0.0020382253
190,1.0,1.0,1.0,1.0,1.0,1.0,0.99406695,0.99840206,0.66626054,0.43660477,0.6760177,0.25077024
191,0.0,0.0,0.0,0.0,0.0,0.0,0.055035293,0.08075651,0.4108549,0.23287314,0.20948061,0.25802642
192,0.0,1.0,1.0,1.0,1.0,1.0,0.09561344,0.81681395,0.7291061,0.790146,0.8057351,0.52957237
193,1.0,1.0,1.0,1.0,1.0,1.0,0.99612486,0.9999242,0.90738827,0.95319384,0.9932561,0.5713498
194,1.0,1.0,0.0,0.0,1.0,0.0,0.06296201,0.6419016,0.0040904544,0.08019757,0.78770435,0.037684076
195,0.0,0.0,0.0,1.0,1.0,1.0,0.06315312,0.092811145,0.06625685,0.08693475,0.10071522,0.13623093
196,1.0,1.0,1.0,1.0,1.0,0.0,0.9982952,0.9992397,0.76622796,0.9509591,0.9441575,0.56399447
197,1.0,1.0,1.0,1.0,1.0,0.0,0.3654083,0.9708908,0.8009884,0.91180116,0.863209,0.5942227
198,1.0,1.0,0.0,1.0,1.0,0.0,0.008666299,0.0035076644,0.0012736049,0.011395514,0.038166877,0.006498684
199,0.0,0.0,0.0,0.0,0.0,0.0,0.0030564556,0.0016659655,0.0011350466,0.012442591,0.052055072,0.0015485964
200,1.0,1.0,1.0,1.0,0.0,1.0,0.49043134,0.93295777,0.9608474,0.9016736,0.32622164,0.9259079
201,0.0,1.0,1.0,1.0,0.0,1.0,0.20382422,0.8939819,0.91687125,0.8743242,0.24021551,0.89396274
202,1.0,1.0,1.0,1.0,1.0,0.0,0.9921572,0.99838847,0.96331686,0.99128175,0.98915195,0.30959374
203,1.0,1.0,0.0,1.0,1.0,0.0,0.9917005,0.9996839,0.423859,0.5457668,0.96583444,0.22884992
204,1.0,1.0,1.0,1.0,1.0,1.0,0.99474037,0.99957025,0.8989114,0.73652256,0.83851224,0.5417023
205,1.0,1.0,1.0,1.0,1.0,1.0,0.95133346,0.99058294,0.9432024,0.98750216,0.9924544,0.8471908
206,1.0,1.0,1.0,1.0,1.0,1.0,0.381397,0.91326797,0.94020545,0.9274843,0.4954137,0.8087774
207,1.0,1.0,1.0,1.0,1.0,1.0,0.99919486,0.99993277,0.9628048,0.98432887,0.9769873,0.7807934
208,1.0,1.0,1.0,1.0,1.0,1.0,0.9817403,0.9960622,0.57365274,0.32876393,0.5527836,0.052982606
209,1.0,1.0,1.0,1.0,1.0,1.0,0.9978745,0.9997988,0.9671129,0.988514,0.9219145,0.8142633
210,1.0,1.0,1.0,1.0,1.0,0.0,0.991254,0.9988626,0.7804318,0.5785131,0.55247575,0.15315396
211,1.0,1.0,1.0,1.0,1.0,1.0,0.9947081,0.99975204,0.9563006,0.9435231,0.97417015,0.81140536
212,1.0,1.0,1.0,1.0,1.0,1.0,0.9988714,0.9998507,0.9749036,0.9847562,0.96603715,0.6686433
213,1.0,1.0,1.0,0.0,0.0,0.0,0.54337704,0.87609506,0.640773,0.5445112,0.37987888,0.64997816
214,1.0,1.0,1.0,1.0,1.0,1.0,0.9967089,0.9996376,0.75026035,0.8136147,0.837863,0.2301844
215,1.0,1.0,0.0,0.0,0.0,0.0,0.9833628,0.94342446,0.0014358981,0.0048820036,0.53193855,0.0016064979
216,0.0,0.0,0.0,0.0,0.0,0.0,0.0040913406,0.002354126,0.00082345,0.008280827,0.039147954,0.0013166624
217,1.0,1.0,1.0,0.0,0.0,0.0,0.99167573,0.99947476,0.71964735,0.50482583,0.7101086,0.21393381
218,1.0,1.0,1.0,1.0,1.0,1.0,0.9498865,0.95733243,0.94401205,0.95077765,0.89811057,0.7934446
219,0.0,1.0,0.0,1.0,1.0,0.0,0.010370774,0.013978026,0.010578091,0.031872496,0.035998195,0.010936513
220,1.0,1.0,1.0,1.0,1.0,1.0,0.9931568,0.9997551,0.88135856,0.8841886,0.87361383,0.7238172
221,1.0,1.0,1.0,0.0,1.0,1.0,0.9945647,0.99907935,0.76179266,0.7391163,0.7872585,0.31202447
222,0.0,0.0,0.0,0.0,0.0,0.0,0.98552877,0.96805346,0.0007462538,0.0076749166,0.549087,0.0010390893
223,1.0,1.0,1.0,1.0,1.0,0.0,0.99808764,0.99991393,0.89821917,0.9780767,0.9755523,0.47025362
224,1.0,1.0,1.0,1.0,1.0,1.0,0.99743694,0.99984515,0.88037306,0.95738477,0.9652045,0.5090674
225,0.0,1.0,1.0,1.0,1.0,1.0,0.49929237,0.9567261,0.9806505,0.9757067,0.6931516,0.9287506
226,1.0,1.0,1.0,1.0,1.0,1.0,0.8527169,0.9941325,0.98948467,0.97921264,0.8494941,0.9354752
227,1.0,1.0,1.0,1.0,1.0,1.0,0.52110153,0.9803191,0.9648613,0.9786849,0.52808684,0.89079225
228,1.0,1.0,0.0,0.0,1.0,0.0,0.98461235,0.97621596,0.01654001,0.028292878,0.7444755,0.03555735
229,0.0,0.0,0.0,0.0,0.0,0.0,0.00685271,0.002872272,0.0012086895,0.008426346,0.037456274,0.0020723208
230,0.0,1.0,1.0,1.0,0.0,1.0,0.6039184,0.7486942,0.7102661,0.50041145,0.39424983,0.75093377
231,1.0,1.0,1.0,1.0,1.0,1.0,0.9953284,0.99949133,0.773375,0.77718997,0.83684474,0.26969278
232,1.0,1.0,1.0,1.0,0.0,1.0,0.97025776,0.989164,0.96462226,0.9797968,0.9304791,0.782283
233,1.0,1.0,1.0,1.0,1.0,0.0,0.9936976,0.9984149,0.27464178,0.15104428,0.56056803,0.0197065
234,0.0,0.0,0.0,0.0,0.0,0.0,0.016178159,0.0045568487,0.0019014073,0.017581796,0.05658727,0.0076475674
235,0.0,0.0,0.0,0.0,0.0,0.0,0.0027425082,0.0020391396,0.0009331542,0.013864711,0.03853007,0.0016227625
236,0.0,0.0,0.0,0.0,0.0,0.0,0.021385726,0.0025281787,0.0011001851,0.026819445,0.06467244,0.0014459288
237,0.0,0.0,0.0,0.0,0.0,0.0,0.396367,0.54362166,0.74031335,0.5694389,0.5393566,0.8400773
238,1.0,1.0,1.0,1.0,1.0,0.0,0.99714714,0.999927,0.8688062,0.97887063,0.98544216,0.36512986
239,0.0,0.0,0.0,0.0,1.0,0.0,0.007651585,0.011985293,0.0012706873,0.008089442,0.040849417,0.0022920617
240,1.0,1.0,1.0,1.0,1.0,1.0,0.9974617,0.99963623,0.89562106,0.9815852,0.9461559,0.6854838
241,0.0,0.0,0.0,0.0,0.0,0.0,0.51605505,0.2576188,0.0010931005,0.010865514,0.42209637,0.0024456284
242,1.0,0.0,0.0,0.0,0.0,0.0,0.9477854,0.6689343,0.0061200615,0.040435746,0.72484446,0.012052413
243,1.0,1.0,1.0,1.0,1.0,1.0,0.99623144,0.9993013,0.67924786,0.68415815,0.9082594,0.71439743
244,1.0,1.0,0.0,0.0,0.0,0.0,0.992042,0.95962846,0.0006888543,0.011208771,0.6858876,0.0053919633
245,1.0,1.0,1.0,1.0,1.0,1.0,0.9690446,0.99661136,0.94698536,0.988876,0.986893,0.8839184
246,1.0,1.0,1.0,1.0,0.0,1.0,0.8767607,0.9233678,0.8709887,0.95700824,0.8978777,0.8930743
247,0.0,1.0,1.0,1.0,0.0,1.0,0.23584777,0.49396107,0.9219823,0.8100678,0.5403725,0.74969375
248,0.0,0.0,0.0,0.0,0.0,0.0,0.0034707186,0.0019047954,0.00073444744,0.011315761,0.032142345,0.0015037733
249,1.0,1.0,1.0,1.0,1.0,1.0,0.9450552,0.9903669,0.9589149,0.9931394,0.9848172,0.91728014
250,1.0,1.0,0.0,1.0,1.0,1.0,0.9220357,0.8269761,0.001042888,0.3461627,0.9211496,0.93409467
251,0.0,0.0,0.0,1.0,1.0,0.0,0.044913568,0.05164007,0.0010863098,0.0062908875,0.028104078,0.0028196657
252,1.0,1.0,0.0,0.0,0.0,0.0,0.99579585,0.996247,0.5165601,0.5292845,0.77853405,0.3923481
253,1.0,1.0,1.0,1.0,1.0,0.0,0.99694425,0.9998265,0.94667184,0.93189037,0.96464354,0.4142566
254,1.0,1.0,1.0,1.0,1.0,1.0,0.85482645,0.97798145,0.9787435,0.9861928,0.80728304,0.93351495
255,0.0,0.0,1.0,1.0,0.0,1.0,0.13622561,0.68627506,0.9033203,0.7041444,0.14791122,0.6229954
256,1.0,1.0,1.0,1.0,1.0,1.0,0.6238021,0.982041,0.99623334,0.9876221,0.8592181,0.9758173
257,0.0,1.0,1.0,1.0,1.0,1.0,0.58003473,0.97759163,0.95750195,0.95401263,0.6923759,0.91023993
258,1.0,1.0,0.0,0.0,1.0,0.0,0.9870784,0.9777161,0.0023876166,0.019780599,0.6385622,0.016661992
259,1.0,1.0,1.0,1.0,1.0,1.0,0.89973164,0.99192166,0.95261127,0.994038,0.98493505,0.88846517
260,0.0,0.0,0.0,0.0,1.0,0.0,0.06595931,0.051397625,0.011292765,0.032359123,0.05936017,0.041645862
261,1.0,1.0,0.0,0.0,1.0,0.0,0.99038756,0.99756753,0.23163381,0.14948425,0.61881644,0.20940326
262,1.0,1.0,0.0,0.0,1.0,0.0,0.99763155,0.9657028,0.0022998692,0.15235712,0.97181016,0.47424504
263,1.0,1.0,0.0,0.0,1.0,0.0,0.98948944,0.99802387,0.0018003738,0.028749483,0.94481635,0.0010733703
264,1.0,1.0,0.0,1.0,1.0,1.0,0.9985916,0.99980587,0.72295284,0.95475245,0.99565965,0.5449613
265,0.0,0.0,0.0,0.0,0.0,0.0,0.012745464,0.0034837932,0.0015070548,0.022496635,0.065615185,0.0022582663
266,0.0,0.0,0.0,0.0,0.0,0.0,0.0028493966,0.0030741573,0.001246634,0.010107916,0.033514585,0.0015245683
267,1.0,1.0,0.0,0.0,1.0,0.0,0.9917086,0.9994701,0.2762743,0.08103037,0.93945485,0.023808433
268,1.0,1.0,1.0,1.0,1.0,0.0,0.99078,0.99949574,0.91091764,0.88776386,0.85185164,0.3356012
269,1.0,1.0,1.0,1.0,1.0,0.0,0.99654335,0.9998603,0.6685628,0.87294275,0.96206635,0.32576755
270,0.0,0.0,0.0,0.0,0.0,0.0,0.019872718,0.0069195963,0.0026586072,0.087808006,0.15364984,0.007738933
271,0.0,0.0,0.0,0.0,0.0,0.0,0.0066675823,0.0037064475,0.0018788272,0.010856256,0.03189314,0.0036346107
272,1.0,1.0,1.0,1.0,1.0,0.0,0.99637246,0.9994458,0.8490679,0.9201149,0.9265309,0.4665528
273,1.0,1.0,1.0,1.0,1.0,0.0,0.9974555,0.9997777,0.9263152,0.9634139,0.96495616,0.70411116
274,1.0,1.0,1.0,1.0,1.0,0.0,0.9981396,0.9998899,0.92665243,0.98527,0.9771611,0.36128518
275,0.0,0.0,0.0,0.0,0.0,0.0,0.004782832,0.01673226,0.0026364988,0.017833004,0.03813728,0.0026205718
276,1.0,1.0,1.0,1.0,1.0,1.0,0.99730074,0.9998124,0.96302116,0.9499087,0.831443,0.61918753
277,1.0,1.0,0.0,0.0,1.0,0.0,0.9882723,0.9787287,0.0012621478,0.010084711,0.60499537,0.0012802505
278,1.0,1.0,1.0,0.0,1.0,0.0,0.9950047,0.99977875,0.90532494,0.90750617,0.93821776,0.691288
279,1.0,1.0,1.0,1.0,0.0,0.0,0.9960124,0.99976945,0.83257675,0.82436943,0.8545706,0.43799454
280,0.0,0.0,1.0,0.0,0.0,0.0,0.09406595,0.94332707,0.9181653,0.75270265,0.1706708,0.5952916
281,1.0,1.0,0.0,0.0,1.0,0.0,0.9858007,0.9616809,0.0017676937,0.008074505,0.5108121,0.002423834
282,0.0,0.0,0.0,0.0,0.0,0.0,0.0062143924,0.00927251,0.0014962574,0.0147863915,0.050418176,0.0021548893
283,0.0,0.0,0.0,0.0,0.0,0.0,0.017884659,0.012302848,0.00506231,0.030393787,0.04638182,0.016702658
284,1.0,1.0,0.0,1.0,1.0,0.0,0.9648028,0.9437221,0.007898091,0.66487193,0.9378962,0.9068166
285,1.0,1.0,0.0,0.0,1.0,0.0,0.69260144,0.43939462,0.0010328393,0.010038769,0.51283056,0.0010230545
286,0.0,0.0,0.0,0.0,0.0,0.0,0.0038305626,0.0018552379,0.001025684,0.01596265,0.02948236,0.0017349122
287,0.0,0.0,0.0,0.0,1.0,0.0,0.0073662885,0.007921762,0.0021401846,0.013411611,0.047279313,0.0033334356
288,0.0,0.0,0.0,0.0,0.0,0.0,0.0037361793,0.004402665,0.002402891,0.017644743,0.031025335,0.004247881
289,1.0,1.0,0.0,0.0,1.0,0.0,0.9759253,0.67569965,0.0011783879,0.014376558,0.5987605,0.0010466338
290,1.0,1.0,0.0,0.0,0.0,0.0,0.9908853,0.99348426,0.12970252,0.03703571,0.47282064,0.0015777921
291,1.0,1.0,1.0,1.0,1.0,1.0,0.997931,0.9998061,0.9776516,0.97077644,0.96590304,0.62110925
292,1.0,1.0,0.0,0.0,1.0,0.0,0.9408656,0.952827,0.0015892327,0.22645494,0.81898606,0.55333894
293,0.0,0.0,0.0,0.0,0.0,0.0,0.02978236,0.03445405,0.6320876,0.1490272,0.0531068,0.1747883
294,0.0,0.0,0.0,0.0,0.0,0.0,0.39997083,0.10058686,0.52048254,0.43827832,0.51192546,0.34258643
295,0.0,0.0,0.0,0.0,0.0,0.0,0.0077606016,0.0023966418,0.0008425274,0.013496197,0.029197456,0.0015788829
296,0.0,0.0,0.0,1.0,1.0,0.0,0.0030485988,0.002226469,0.0010335142,0.01050669,0.04532562,0.001495337
297,0.0,1.0,1.0,1.0,0.0,1.0,0.81066906,0.9905196,0.9816999,0.9732962,0.6028551,0.9648663
298,1.0,1.0,1.0,1.0,1.0,1.0,0.9975756,0.9998243,0.957768,0.9299326,0.84391195,0.61653155
299,1.0,1.0,1.0,1.0,1.0,1.0,0.99018747,0.99963385,0.8000817,0.70257246,0.7697048,0.38813332
300,0.0,0.0,0.0,0.0,0.0,0.0,0.75238794,0.9173667,0.0013839831,0.31026772,0.8472199,0.58831644
301,0.0,0.0,0.0,0.0,0.0,0.0,0.0064533064,0.12503275,0.0031342693,0.014947155,0.378574,0.0072860485
302,1.0,1.0,1.0,1.0,1.0,0.0,0.9935405,0.9995117,0.8616093,0.8876997,0.8808061,0.4747761
303,0.0,0.0,0.0,0.0,0.0,0.0,0.057009708,0.072482,0.011701884,0.06154178,0.15357128,0.075473785
304,0.0,0.0,0.0,0.0,0.0,0.0,0.011040842,0.011491976,0.0011362634,0.010140221,0.05329187,0.010225572
305,1.0,1.0,1.0,0.0,0.0,0.0,0.7668184,0.9589585,0.7107916,0.5922482,0.44281232,0.6460938
306,1.0,1.0,0.0,0.0,0.0,0.0,0.96466696,0.9864724,0.00092174916,0.012441134,0.72714335,0.0024312092
307,1.0,1.0,0.0,0.0,0.0,0.0,0.9891819,0.94495434,0.0006715597,0.0053727394,0.5249219,0.00070124073
308,0.0,0.0,0.0,0.0,0.0,0.0,0.012681766,0.0027044946,0.0013672726,0.0076063257,0.04696636,0.0032208436
309,1.0,1.0,1.0,1.0,1.0,0.0,0.99764323,0.99967575,0.77981234,0.78351444,0.85060835,0.1690799
310,1.0,1.0,1.0,1.0,0.0,0.0,0.9965435,0.9997113,0.68504196,0.61286193,0.56740564,0.14587903
311,1.0,1.0,0.0,0.0,1.0,0.0,0.99880236,0.99950266,0.0016824486,0.19059318,0.97121084,0.36211228
312,1.0,1.0,0.0,0.0,0.0,0.0,0.9958297,0.9928689,0.008759494,0.05135756,0.63234496,0.0453813
313,0.0,0.0,0.0,0.0,0.0,0.0,0.0051901448,0.004565618,0.001713553,0.018656878,0.03275633,0.0016549822
314,1.0,1.0,1.0,0.0,1.0,0.0,0.9973133,0.999769,0.94009995,0.9199745,0.9171766,0.5394654
315,0.0,0.0,0.0,0.0,0.0,0.0,0.06595931,0.051397625,0.011292765,0.032359123,0.05936017,0.041645862
316,1.0,1.0,1.0,1.0,1.0,1.0,0.9989326,0.9995854,0.9498566,0.937119,0.92591834,0.6297273
317,1.0,1.0,0.0,0.0,1.0,0.0,0.9914374,0.9854268,0.0036209477,0.010374333,0.5441123,0.002510374
318,0.0,1.0,1.0,1.0,1.0,1.0,0.4147113,0.96268266,0.9948337,0.98106915,0.7183397,0.95503956
319,1.0,1.0,0.0,0.0,0.0,0.0,0.99421513,0.9924861,0.4229824,0.22518063,0.5383315,0.0933601
320,1.0,1.0,0.0,0.0,1.0,0.0,0.9799993,0.9989506,0.0008021184,0.0062136934,0.89466673,0.0016717154
321,0.0,0.0,0.0,1.0,1.0,0.0,0.17068294,0.16430923,0.20172107,0.08539294,0.16394448,0.26547718
322,1.0,1.0,1.0,0.0,1.0,0.0,0.9923092,0.99983406,0.8760055,0.89720654,0.87808895,0.22437766
323,1.0,1.0,1.0,1.0,1.0,1.0,0.99295723,0.9998578,0.9255323,0.9494376,0.8700161,0.65372765
324,0.0,0.0,0.0,0.0,0.0,0.0,0.0033645085,0.0023279993,0.000808374,0.007867335,0.05177155,0.0014534799
325,1.0,1.0,0.0,0.0,1.0,0.0,0.9878557,0.9950721,0.053886224,0.109493025,0.7173584,0.043070607
326,1.0,1.0,1.0,1.0,1.0,0.0,0.99761647,0.9999342,0.83376116,0.9691544,0.9886127,0.24654523
327,0.0,0.0,0.0,0.0,0.0,0.0,0.0035270597,0.001842628,0.000934806,0.011087767,0.031438984,0.0014098558
328,1.0,1.0,1.0,1.0,0.0,1.0,0.9894135,0.99837893,0.7056424,0.5687567,0.52871484,0.25251025
329,1.0,1.0,1.0,1.0,1.0,0.0,0.9956447,0.99989784,0.82369626,0.90359265,0.98995286,0.2260947
330,0.0,0.0,0.0,0.0,0.0,0.0,0.0470899,0.06758379,0.1965692,0.10483956,0.08202426,0.09834391
331,0.0,0.0,0.0,0.0,0.0,0.0,0.1512275,0.032890838,0.0055678966,0.020119729,0.10112309,0.009100993
332,1.0,1.0,1.0,1.0,0.0,0.0,0.99724036,0.99942565,0.6603699,0.35908103,0.67112195,0.6305081
333,1.0,1.0,0.0,0.0,1.0,0.0,0.99561906,0.9936314,0.0027414137,0.018589167,0.62838846,0.06877068
334,0.0,0.0,0.0,0.0,0.0,0.0,0.0043367017,0.0019257077,0.0011444886,0.008704196,0.0346671,0.0017556882
335,1.0,1.0,1.0,1.0,1.0,0.0,0.9946203,0.99988514,0.7422658,0.89121974,0.9873676,0.21227293
336,0.0,1.0,1.0,1.0,1.0,1.0,0.23926565,0.982108,0.8471509,0.9506949,0.8861073,0.793486
337,1.0,1.0,1.0,1.0,1.0,0.0,0.9973584,0.99973524,0.8800433,0.9349195,0.88372356,0.5492645
338,0.0,0.0,0.0,0.0,0.0,0.0,0.0063933395,0.00480395,0.0008093427,0.011307647,0.034389943,0.001605034
339,0.0,0.0,0.0,0.0,0.0,0.0,0.0120455995,0.034721833,0.0012708036,0.018125521,0.04600164,0.010627285
340,1.0,1.0,1.0,1.0,0.0,1.0,0.77734786,0.9052359,0.6881215,0.8652178,0.84291357,0.7935271
341,1.0,1.0,1.0,0.0,1.0,0.0,0.9918317,0.9952534,0.61160946,0.50643003,0.78211117,0.18592225
342,0.0,0.0,0.0,0.0,0.0,0.0,0.067901045,0.024514236,0.007855412,0.024984699,0.086496904,0.013091509
343,0.0,0.0,0.0,0.0,0.0,0.0,0.002948102,0.0025587855,0.0017959689,0.013651997,0.032370836,0.0012356383
344,0.0,1.0,0.0,1.0,1.0,0.0,0.09100348,0.97976637,0.7115751,0.7487398,0.8105861,0.20556903
345,0.0,0.0,0.0,0.0,0.0,0.0,0.0029470474,0.0015316765,0.00096745143,0.009206524,0.029074105,0.0036320398
346,1.0,1.0,0.0,0.0,0.0,0.0,0.9747151,0.9855532,0.14839484,0.07466283,0.7967651,0.08862607
347,0.0,0.0,0.0,0.0,0.0,0.0,0.005012468,0.005214121,0.002039235,0.018075168,0.07336067,0.007816939
348,1.0,1.0,1.0,1.0,1.0,0.0,0.9951059,0.9988054,0.88868684,0.82716185,0.89504504,0.44218165
349,1.0,1.0,1.0,1.0,1.0,1.0,0.99692726,0.9997539,0.88676727,0.9529213,0.9040709,0.43180597
350,1.0,1.0,0.0,0.0,1.0,0.0,0.99329656,0.99786425,0.6049979,0.43172202,0.5178006,0.19107062
351,0.0,0.0,0.0,0.0,0.0,0.0,0.0032186792,0.0063184923,0.0014697964,0.00989991,0.030249987,0.0014068744
352,1.0,0.0,0.0,0.0,1.0,0.0,0.9382819,0.49876666,0.0020017608,0.012139885,0.5080791,0.0016406332
353,0.0,0.0,0.0,0.0,0.0,0.0,0.004012022,0.0020618408,0.0009990905,0.009410469,0.040178284,0.0015190146
354,1.0,1.0,0.0,1.0,1.0,0.0,0.979883,0.84165764,0.00084593997,0.25266713,0.91195047,0.9399575
355,1.0,1.0,0.0,0.0,1.0,0.0,0.9956695,0.99832857,0.50992024,0.63970464,0.94047457,0.6458185
356,1.0,1.0,1.0,0.0,1.0,0.0,0.99033904,0.99961174,0.804494,0.601961,0.75788385,0.31099227
357,0.0,0.0,0.0,0.0,0.0,0.0,0.007379208,0.002640718,0.0013436966,0.0068066115,0.029492252,0.0019930142
358,0.0,0.0,0.0,0.0,0.0,0.0,0.0041351025,0.0034497809,0.0012173359,0.009743609,0.04156246,0.0018240099
359,0.0,0.0,0.0,0.0,0.0,0.0,0.0030777284,0.0013885885,0.0009396877,0.0076125483,0.028674012,0.0013513332
360,0.0,1.0,0.0,0.0,0.0,0.0,0.51630676,0.39349502,0.0025579925,0.0058080885,0.32426903,0.0026196835
361,1.0,1.0,1.0,1.0,1.0,1.0,0.99837244,0.9998809,0.93920594,0.96387017,0.9387442,0.7786281
362,1.0,1.0,0.0,0.0,1.0,0.0,0.9780383,0.98559153,0.23338099,0.026349379,0.4303732,0.04453376
363,1.0,1.0,1.0,1.0,1.0,1.0,0.35605225,0.9752398,0.94093585,0.93361175,0.37092066,0.9486193
364,0.0,1.0,1.0,1.0,1.0,1.0,0.7000766,0.9885985,0.98355055,0.982809,0.51162064,0.9861692
365,1.0,1.0,1.0,1.0,1.0,0.0,0.9975365,0.9995988,0.93959075,0.9358083,0.8205781,0.49273905
366,0.0,0.0,1.0,0.0,0.0,0.0,0.035195265,0.097351946,0.7251617,0.23346359,0.07720095,0.14477718
367,1.0,1.0,1.0,1.0,1.0,0.0,0.997113,0.99962527,0.6089909,0.8480329,0.9310401,0.12965846
368,1.0,1.0,0.0,0.0,0.0,0.0,0.9876612,0.982052,0.02072218,0.020078601,0.57858074,0.004319541
369,0.0,0.0,0.0,0.0,0.0,0.0,0.02562507,0.005335983,0.0020119424,0.019667877,0.0640885,0.03957167
370,0.0,0.0,0.0,0.0,0.0,0.0,0.03955935,0.015104254,0.0019541646,0.011482366,0.03417946,0.014437979
371,1.0,0.0,0.0,0.0,0.0,0.0,0.9815101,0.9866226,0.019277295,0.01420354,0.43988168,0.01836517
372,1.0,1.0,1.0,1.0,1.0,1.0,0.99739236,0.9997076,0.4067032,0.5571427,0.96382856,0.060280204
373,1.0,1.0,0.0,0.0,0.0,0.0,0.98729223,0.99250805,0.0007599917,0.0072634183,0.81266075,0.0007375312
374,0.0,0.0,0.0,0.0,0.0,0.0,0.71171856,0.5714717,0.26820686,0.14157933,0.3882959,0.14703959
375,0.0,0.0,0.0,0.0,0.0,0.0,0.008908379,0.011877149,0.0027596953,0.045055144,0.064955436,0.011592353
376,1.0,1.0,1.0,1.0,1.0,1.0,0.99477,0.99962443,0.8284172,0.8029386,0.9619624,0.6348811
377,0.0,1.0,1.0,0.0,0.0,1.0,0.24054994,0.7901888,0.9383548,0.8512064,0.35313067,0.80500066
378,0.0,0.0,0.0,0.0,0.0,0.0,0.002948958,0.0016350173,0.0011553131,0.009643291,0.030473806,0.0012481423
379,1.0,1.0,0.0,0.0,1.0,0.0,0.99052536,0.9998127,0.7463861,0.8264592,0.91841877,0.320673
380,1.0,1.0,0.0,0.0,1.0,0.0,0.9832113,0.82140696,0.0023605083,0.008067947,0.39381415,0.0010491092
381,1.0,1.0,1.0,1.0,1.0,1.0,0.86153626,0.9976118,0.9780332,0.99283534,0.98132014,0.8232111
382,0.0,0.0,0.0,0.0,0.0,0.0,0.0068279724,0.0034982334,0.0007537529,0.014198404,0.02922672,0.0016033815
383,0.0,1.0,1.0,1.0,1.0,1.0,0.3483975,0.9704934,0.95533884,0.9153967,0.41687164,0.8562227
384,1.0,1.0,0.0,0.0,0.0,0.0,0.9920462,0.99643266,0.2532873,0.16365616,0.58554286,0.0594927
385,1.0,1.0,1.0,1.0,1.0,1.0,0.5027267,0.9736036,0.99488574,0.9836769,0.71049255,0.8610688
386,1.0,1.0,1.0,1.0,1.0,1.0,0.9325879,0.99623656,0.94516027,0.99325883,0.99275887,0.91938174
387,1.0,1.0,1.0,1.0,1.0,1.0,0.22431791,0.57234514,0.6806185,0.7385351,0.39928123,0.58054256
388,0.0,0.0,1.0,1.0,0.0,0.0,0.40899357,0.95964545,0.976459,0.9511306,0.45206589,0.7977112
389,1.0,1.0,1.0,1.0,1.0,0.0,0.99729156,0.99986356,0.8181919,0.94091123,0.96887255,0.62025213
390,1.0,1.0,0.0,0.0,0.0,0.0,0.99108654,0.99686277,0.77588063,0.7148177,0.721016,0.19403604
391,0.0,0.0,0.0,0.0,0.0,0.0,0.015255368,0.004190862,0.0019770293,0.014883144,0.029027909,0.0016350274
392,1.0,1.0,0.0,0.0,1.0,0.0,0.9952383,0.99268246,0.021261796,0.09671947,0.8168005,0.14070454
393,0.0,0.0,0.0,0.0,0.0,0.0,0.0063208807,0.002140982,0.00088726927,0.0070103607,0.02660025,0.002027498
394,0.0,0.0,0.0,0.0,0.0,0.0,0.0034436877,0.0021025862,0.0008425951,0.012935042,0.02720828,0.0017309852
395,1.0,1.0,0.0,0.0,0.0,0.0,0.97698724,0.9792526,0.0012497226,0.00411007,0.45267394,0.005032944
396,1.0,1.0,1.0,1.0,1.0,1.0,0.9913259,0.99974257,0.87840414,0.9340687,0.9184465,0.6513769
397,1.0,1.0,1.0,1.0,1.0,1.0,0.9989941,0.9998675,0.9553289,0.97555166,0.9380868,0.8312218
398,0.0,0.0,0.0,0.0,0.0,0.0,0.003797973,0.0025130229,0.00092631957,0.010780643,0.0324703,0.0025218457
399,1.0,1.0,1.0,1.0,1.0,1.0,0.7233168,0.9397193,0.95095676,0.9472985,0.51443106,0.6698368
400,1.0,1.0,1.0,0.0,1.0,1.0,0.9904293,0.99887806,0.7868362,0.5044724,0.6637424,0.18088737
401,0.0,0.0,0.0,1.0,0.0,0.0,0.07574596,0.095625296,0.6794654,0.2650201,0.11329521,0.19776225
402,0.0,1.0,1.0,1.0,1.0,1.0,0.7502898,0.9810672,0.90364283,0.9770855,0.960748,0.9106257
403,0.0,0.0,0.0,0.0,0.0,0.0,0.005831958,0.0051188697,0.0010294628,0.012347127,0.04381276,0.0012899367
404,1.0,1.0,1.0,1.0,0.0,0.0,0.997379,0.9997786,0.96475214,0.9348536,0.8824331,0.54029876
405,1.0,1.0,1.0,1.0,1.0,1.0,0.4174004,0.7667141,0.9419993,0.9318797,0.6184736,0.73149353
406,0.0,1.0,1.0,1.0,1.0,0.0,0.17542188,0.963896,0.84017617,0.98978126,0.95019966,0.09520641
407,0.0,0.0,0.0,0.0,0.0,0.0,0.7063688,0.84668607,0.001635553,0.19866794,0.83214647,0.46124548
408,1.0,1.0,1.0,1.0,0.0,1.0,0.99464196,0.99973875,0.91400576,0.922354,0.8601775,0.5443204
409,1.0,1.0,1.0,1.0,1.0,1.0,0.4255924,0.9188205,0.95196456,0.88113457,0.36672315,0.8938153
410,1.0,1.0,0.0,0.0,1.0,0.0,0.9950023,0.9991604,0.4659607,0.5006331,0.7309363,0.06513817
411,0.0,1.0,1.0,0.0,1.0,0.0,0.032031238,0.48932707,0.63102746,0.30247363,0.6925729,0.3473859
412,0.0,0.0,0.0,0.0,0.0,0.0,0.018574437,0.008053111,0.0012311875,0.026765674,0.08216349,0.0025385057
413,1.0,1.0,1.0,1.0,1.0,1.0,0.9951576,0.999591,0.8904898,0.8856939,0.8435031,0.44536123
414,0.0,1.0,1.0,1.0,1.0,1.0,0.80783355,0.9928946,0.99142826,0.9857063,0.9494124,0.92480356
415,1.0,1.0,1.0,1.0,1.0,0.0,0.99608606,0.9997452,0.62543064,0.8795828,0.96295315,0.22181904
416,1.0,1.0,1.0,1.0,1.0,1.0,0.9948117,0.99970603,0.9569157,0.96374524,0.9481928,0.7473308
417,1.0,1.0,1.0,0.0,1.0,1.0,0.9980702,0.99982816,0.9245486,0.9704896,0.93186635,0.45057708
418,1.0,1.0,1.0,1.0,1.0,1.0,0.99789023,0.99934757,0.9364536,0.93442327,0.960818,0.5893522
419,1.0,1.0,1.0,1.0,1.0,1.0,0.8844025,0.9939648,0.97375697,0.9929945,0.9451076,0.97007084
420,1.0,1.0,1.0,1.0,1.0,1.0,0.99683946,0.99977815,0.8801344,0.9558047,0.90582484,0.43957883
421,1.0,1.0,1.0,1.0,1.0,1.0,0.9989017,0.99990314,0.97903585,0.9837874,0.99095833,0.80261505
422,1.0,0.0,0.0,0.0,0.0,0.0,0.9892008,0.99948174,0.85479134,0.5213787,0.68529564,0.23858072
423,1.0,1.0,0.0,0.0,0.0,0.0,0.9898592,0.9827571,0.0013290287,0.013882808,0.61730856,0.00113594
424,0.0,1.0,1.0,1.0,1.0,1.0,0.3272363,0.9735479,0.9944334,0.9758903,0.53277487,0.9174805
425,1.0,1.0,1.0,1.0,1.0,1.0,0.9972558,0.9998001,0.9588074,0.92578423,0.81524193,0.34988317
426,1.0,1.0,0.0,0.0,0.0,0.0,0.98162955,0.8702445,0.00071444426,0.006344483,0.4412675,0.0018658685
427,1.0,1.0,1.0,1.0,1.0,1.0,0.9990014,0.99958175,0.74987984,0.92052525,0.97244555,0.38737953
428,1.0,1.0,1.0,1.0,1.0,1.0,0.8734702,0.99036765,0.9887992,0.9884102,0.8368482,0.9735137
429,1.0,1.0,1.0,1.0,1.0,0.0,0.74212986,0.97614044,0.80781865,0.614911,0.7073153,0.23700505
430,0.0,0.0,0.0,0.0,0.0,0.0,0.0057745054,0.0067609353,0.0015553461,0.021376606,0.056879725,0.007945504
431,1.0,1.0,1.0,0.0,1.0,1.0,0.9964456,0.99907565,0.82754445,0.36588994,0.7216829,0.5368217
432,0.0,0.0,0.0,0.0,0.0,0.0,0.057476882,0.009151455,0.0028868464,0.024854032,0.09821219,0.019708307
433,1.0,1.0,1.0,1.0,1.0,1.0,0.8427589,0.97915685,0.9785345,0.9879611,0.8343325,0.9355503
434,0.0,0.0,0.0,0.0,0.0,0.0,0.02246869,0.0050159246,0.0019638229,0.018170197,0.06282311,0.03743783
435,1.0,0.0,0.0,0.0,0.0,0.0,0.896535,0.83956844,0.008571234,0.051790383,0.40675429,0.05942505
436,1.0,1.0,1.0,1.0,1.0,0.0,0.99077535,0.9996396,0.8309266,0.7391647,0.8869856,0.34479126
437,1.0,1.0,1.0,1.0,1.0,0.0,0.99809635,0.99986255,0.9051232,0.9787726,0.96543276,0.5380561
438,0.0,0.0,0.0,0.0,0.0,0.0,0.0029007206,0.0014434559,0.001727005,0.015031681,0.0304563,0.0030428206
439,1.0,1.0,1.0,0.0,0.0,1.0,0.99734545,0.9998156,0.95654047,0.8904512,0.84401757,0.36066875
440,1.0,1.0,0.0,0.0,1.0,0.0,0.998288,0.99956703,0.16978526,0.56185627,0.97143525,0.43639815
441,0.0,1.0,1.0,1.0,0.0,1.0,0.44854984,0.8757067,0.96797466,0.8990723,0.35560504,0.87804806
442,0.0,1.0,1.0,1.0,0.0,1.0,0.26002035,0.9178474,0.9627622,0.92504436,0.62608725,0.89276785
443,1.0,1.0,1.0,1.0,1.0,0.0,0.9984656,0.99951154,0.92768306,0.9732625,0.8943619,0.39148587
444,0.0,0.0,0.0,0.0,0.0,0.0,0.6263281,0.97005713,0.0007213547,0.006230299,0.8252811,0.0028034106
445,1.0,1.0,0.0,0.0,1.0,0.0,0.718014,0.6569792,0.31955007,0.26212448,0.5918059,0.24304147
446,0.0,0.0,0.0,0.0,0.0,0.0,0.004313578,0.0020415194,0.0009775247,0.009146008,0.03477279,0.0013266313
447,0.0,0.0,0.0,0.0,0.0,0.0,0.0052477173,0.0041610748,0.0016146391,0.010487816,0.03862966,0.001978487
448,1.0,1.0,0.0,0.0,1.0,0.0,0.99498546,0.99640894,0.010413463,0.12597102,0.8283906,0.08096108
449,0.0,1.0,0.0,1.0,1.0,0.0,0.18176055,0.98042744,0.87039447,0.94359493,0.9225648,0.6443512
450,0.0,0.0,1.0,0.0,0.0,0.0,0.14153707,0.5159519,0.88349646,0.675377,0.29470885,0.7452176
451,1.0,1.0,1.0,1.0,1.0,1.0,0.41806954,0.9749731,0.9938983,0.98500043,0.75281364,0.64097804
452,0.0,1.0,1.0,1.0,0.0,1.0,0.17025414,0.43055534,0.9174339,0.76347005,0.35913113,0.76390254
453,1.0,1.0,1.0,1.0,1.0,1.0,0.99601233,0.9996048,0.8839744,0.9192942,0.9263498,0.5327143
454,0.0,0.0,0.0,0.0,0.0,0.0,0.0046079466,0.0027426207,0.0007869426,0.01179765,0.02719529,0.0014639958
455,1.0,1.0,1.0,1.0,1.0,1.0,0.61259395,0.9930354,0.9720336,0.98802817,0.6948833,0.9799262
456,1.0,1.0,1.0,1.0,1.0,1.0,0.9981965,0.99968266,0.96924704,0.9503406,0.8688342,0.5711627
457,1.0,1.0,0.0,1.0,1.0,0.0,0.99821967,0.99982995,0.86238134,0.9754696,0.9905309,0.49610192
458,1.0,1.0,1.0,1.0,1.0,0.0,0.9925457,0.9989112,0.85651565,0.9532781,0.9416455,0.46941933
459,0.0,0.0,0.0,0.0,1.0,0.0,0.0041917004,0.0019470716,0.00066757516,0.011630747,0.028465692,0.00157898
460,0.0,0.0,0.0,0.0,0.0,0.0,0.33377373,0.14530338,0.5645847,0.38734964,0.3667491,0.36112309
461,0.0,0.0,0.0,0.0,0.0,0.0,0.0044631334,0.0022181575,0.0014673447,0.011319364,0.05052318,0.0026985737
462,0.0,0.0,0.0,0.0,0.0,0.0,0.003908922,0.005858046,0.0011864374,0.013296974,0.04523643,0.016827371
463,0.0,0.0,0.0,0.0,0.0,0.0,0.0251246,0.030844498,0.0014930103,0.024090916,0.037589435,0.019350119
464,0.0,0.0,0.0,1.0,0.0,0.0,0.0076274457,0.0069147446,0.00465257,0.021309195,0.045057792,0.007260583
465,0.0,0.0,1.0,0.0,0.0,0.0,0.054807693,0.32597643,0.6468411,0.43750358,0.089574695,0.44924167
466,0.0,1.0,1.0,1.0,1.0,1.0,0.79044974,0.9940772,0.99136955,0.9873188,0.9385976,0.9197276
467,1.0,1.0,1.0,1.0,1.0,1.0,0.9974901,0.9994209,0.90634686,0.9137928,0.8149226,0.39856476
468,1.0,1.0,1.0,1.0,1.0,1.0,0.992082,0.9991655,0.581546,0.5076451,0.91317976,0.48223865
469,1.0,1.0,0.0,0.0,1.0,0.0,0.98725706,0.95821106,0.002994723,0.019060865,0.66038245,0.017286513
470,1.0,1.0,1.0,0.0,1.0,1.0,0.99214435,0.9989596,0.6545883,0.47980633,0.7787199,0.41478702
471,1.0,1.0,0.0,0.0,1.0,1.0,0.99877894,0.9995798,0.0019397762,0.18348725,0.96879095,0.4407709
472,1.0,1.0,1.0,1.0,1.0,0.0,0.9966166,0.9997203,0.77533865,0.88932705,0.9506514,0.32566568
473,1.0,1.0,1.0,1.0,1.0,1.0,0.99328023,0.999812,0.8937759,0.9098908,0.903075,0.7917403
474,1.0,1.0,1.0,1.0,1.0,1.0,0.9969872,0.99981886,0.9652633,0.9437822,0.8056818,0.4870166
475,1.0,1.0,1.0,1.0,1.0,0.0,0.99705815,0.99973476,0.63432854,0.5683046,0.64318115,0.16227779
476,0.0,0.0,0.0,0.0,0.0,0.0,0.5483455,0.7937571,0.7727399,0.73497915,0.50634557,0.7699323
477,1.0,1.0,0.0,0.0,1.0,0.0,0.99484,0.9976923,0.53519046,0.16970241,0.5524009,0.10661844
478,1.0,1.0,1.0,1.0,1.0,0.0,0.99755645,0.9999311,0.8529752,0.9513961,0.97842735,0.30914223
479,1.0,0.0,0.0,0.0,0.0,0.0,0.85018015,0.8233935,0.37973532,0.17692238,0.42030874,0.08687121
480,1.0,1.0,0.0,0.0,0.0,0.0,0.98567283,0.99382275,0.50737745,0.22524759,0.5523842,0.12883176
481,0.0,1.0,1.0,1.0,1.0,1.0,0.14952405,0.9317955,0.80157495,0.87675726,0.8934933,0.5435146
482,0.0,0.0,0.0,0.0,0.0,0.0,0.0032883785,0.0044241427,0.0011320452,0.010244547,0.029676838,0.0012842715
483,1.0,1.0,0.0,0.0,1.0,0.0,0.9855769,0.9749166,0.001864361,0.010807612,0.6478997,0.002040737
484,0.0,1.0,1.0,1.0,1.0,1.0,0.34692675,0.94105506,0.95214576,0.89077246,0.31798074,0.7816264
485,1.0,1.0,1.0,1.0,1.0,1.0,0.9977921,0.99985343,0.92878747,0.9710326,0.8848618,0.417237
486,1.0,1.0,1.0,1.0,1.0,1.0,0.8840894,0.9847237,0.9792544,0.9912654,0.8028623,0.9868158
487,1.0,1.0,1.0,0.0,1.0,0.0,0.992951,0.99962234,0.7954491,0.7295865,0.8018227,0.28724808
488,1.0,1.0,0.0,0.0,1.0,0.0,0.9915834,0.99800694,0.0038619814,0.08284657,0.852195,0.0065172706
489,1.0,1.0,1.0,1.0,0.0,0.0,0.15101473,0.06621407,0.47943217,0.23717178,0.40862834,0.4284941
490,0.0,0.0,0.0,0.0,0.0,0.0,0.004041197,0.001958803,0.0013423262,0.010675135,0.019315118,0.0017594399
491,1.0,1.0,1.0,1.0,1.0,0.0,0.99527884,0.99974036,0.86969525,0.83296096,0.91322476,0.42311922
492,1.0,1.0,0.0,0.0,1.0,0.0,0.6821862,0.88298887,0.4268283,0.77794087,0.72632647,0.31250945
493,1.0,1.0,1.0,1.0,0.0,0.0,0.9968899,0.99971735,0.9308524,0.8370819,0.84160584,0.279157
494,1.0,1.0,0.0,0.0,1.0,0.0,0.9858403,0.99983907,0.5880979,0.5311026,0.96185744,0.08018192
495,0.0,0.0,0.0,0.0,0.0,0.0,0.0069931266,0.002080006,0.002182013,0.01226171,0.022340352,0.0070516304
496,1.0,1.0,0.0,1.0,1.0,0.0,0.97662187,0.70966536,0.0010706797,0.012430324,0.58132124,0.0010193605
497,1.0,1.0,0.0,0.0,0.0,0.0,0.9951322,0.99774987,0.5406036,0.30490938,0.5871618,0.120236486
498,1.0,1.0,0.0,0.0,0.0,0.0,0.9982544,0.99855256,0.70385116,0.2688723,0.8710583,0.31006777
499,1.0,1.0,0.0,0.0,1.0,1.0,0.95513123,0.89169693,0.002271898,0.29810405,0.9044094,0.8511511
500,0.0,0.0,0.0,0.0,0.0,0.0,0.0027177567,0.001446774,0.0011000622,0.012072065,0.021903012,0.0012930292
501,0.0,1.0,1.0,1.0,1.0,1.0,0.66840965,0.9830153,0.97107697,0.950341,0.65510964,0.8753195
502,1.0,1.0,0.0,1.0,1.0,0.0,0.9919877,0.9977501,0.57402146,0.50116336,0.76891005,0.21931805
503,1.0,1.0,0.0,0.0,1.0,0.0,0.98112154,0.94661725,0.0012543916,0.005152886,0.45742851,0.0041469685
504,1.0,1.0,0.0,0.0,0.0,0.0,0.98923355,0.9788238,0.0008917557,0.0047714347,0.52897435,0.00073346356
505,1.0,1.0,1.0,1.0,1.0,1.0,0.99604595,0.9998609,0.73557925,0.69346946,0.97283876,0.27895334
506,1.0,1.0,1.0,1.0,0.0,1.0,0.9946145,0.9997531,0.8984761,0.90389216,0.93018615,0.70178694
507,0.0,0.0,0.0,0.0,0.0,0.0,0.19690143,0.27669924,0.46635005,0.113024056,0.20833907,0.5627643
508,0.0,0.0,0.0,0.0,0.0,0.0,0.0043583126,0.0024642176,0.0007968284,0.015603974,0.059394494,0.0025863699
509,1.0,1.0,0.0,0.0,0.0,0.0,0.98200554,0.9996872,0.90235823,0.7388384,0.7392789,0.5518991
510,1.0,1.0,1.0,1.0,1.0,1.0,0.9987626,0.999758,0.9561497,0.96673965,0.9656407,0.35422423
511,1.0,1.0,1.0,1.0,0.0,1.0,0.4569574,0.96451604,0.98880184,0.88913924,0.4532324,0.78268087
512,1.0,1.0,0.0,0.0,1.0,0.0,0.9860397,0.99968654,0.6196168,0.6244104,0.9130683,0.12443444
513,1.0,0.0,0.0,0.0,0.0,0.0,0.9341155,0.37334794,0.0012184593,0.012345373,0.45558938,0.0011477156
514,0.0,0.0,0.0,0.0,0.0,0.0,0.11357662,0.15942976,0.067494765,0.35588348,0.07768487,0.06754621
515,1.0,1.0,1.0,0.0,1.0,0.0,0.99851847,0.9998721,0.78974533,0.9025192,0.98614067,0.2932421
516,1.0,1.0,0.0,0.0,1.0,0.0,0.9853953,0.99350226,0.46142903,0.20529507,0.6881512,0.09189807
517,1.0,1.0,1.0,1.0,1.0,1.0,0.99846005,0.99984276,0.89749086,0.94107354,0.9377551,0.55026376
518,1.0,1.0,1.0,1.0,1.0,0.0,0.6990133,0.5413323,0.6104176,0.13172823,0.42407596,0.20381597
519,0.0,0.0,0.0,0.0,0.0,0.0,0.003579183,0.0020205923,0.00093355624,0.012117138,0.038025808,0.0022992822
520,0.0,0.0,1.0,0.0,0.0,0.0,0.23052377,0.112704396,0.47909796,0.23932719,0.15629199,0.61685514
521,0.0,0.0,1.0,1.0,0.0,1.0,0.1462083,0.42201963,0.9242557,0.68632585,0.15172319,0.8747434
522,1.0,1.0,0.0,0.0,1.0,0.0,0.9719933,0.74316424,0.0010332955,0.008554892,0.5711423,0.0010757209
523,1.0,1.0,1.0,1.0,1.0,1.0,0.7545498,0.97957265,0.97028553,0.8955181,0.6163426,0.7850026
524,1.0,1.0,1.0,1.0,1.0,0.0,0.99875736,0.99994195,0.8964553,0.9861627,0.9853297,0.48575822
525,1.0,1.0,0.0,0.0,0.0,0.0,0.9907536,0.99966407,0.17503834,0.33175525,0.97297525,0.014661245
526,0.0,0.0,0.0,0.0,0.0,0.0,0.004010633,0.0018856041,0.0011698516,0.009021843,0.043306414,0.0044054748
527,1.0,1.0,0.0,0.0,0.0,0.0,0.9877206,0.9786467,0.00072714844,0.008329788,0.58854353,0.0016965524
528,0.0,0.0,0.0,0.0,0.0,0.0,0.0025649627,0.001974575,0.00078855274,0.0075147655,0.027455816,0.0015846225
529,0.0,0.0,0.0,0.0,0.0,0.0,0.4910782,0.29659852,0.33056772,0.55179346,0.6474886,0.7628801
530,1.0,1.0,1.0,0.0,0.0,0.0,0.9973072,0.9997139,0.49820554,0.68339735,0.7148146,0.3222302
531,1.0,1.0,1.0,1.0,1.0,1.0,0.48355472,0.8742269,0.8772493,0.8432806,0.53913754,0.7729493
532,1.0,1.0,0.0,1.0,1.0,0.0,0.99556166,0.9998584,0.7065807,0.8841113,0.98923737,0.26773554
533,0.0,0.0,0.0,0.0,0.0,0.0,0.004082134,0.0024007065,0.0012466545,0.009287913,0.024695035,0.0012870231
534,1.0,1.0,0.0,0.0,1.0,0.0,0.9972824,0.99705774,0.06191708,0.086160496,0.9217485,0.38936147
535,1.0,1.0,1.0,1.0,1.0,0.0,0.99463236,0.999856,0.9505168,0.8865654,0.91986144,0.2908141
536,1.0,1.0,0.0,0.0,1.0,0.0,0.97554255,0.99751407,0.11541994,0.060871724,0.7308258,0.010106877
537,0.0,0.0,0.0,0.0,0.0,0.0,0.008356186,0.0023851818,0.001157007,0.013638603,0.04023567,0.0021703597
538,1.0,1.0,1.0,1.0,1.0,1.0,0.99241,0.9998912,0.92186993,0.9681223,0.97698116,0.6796274
539,0.0,0.0,0.0,0.0,0.0,0.0,0.0045306557,0.0011852292,0.006727228,0.017927945,0.028978556,0.0039405106
540,1.0,1.0,0.0,0.0,1.0,0.0,0.97809565,0.9852141,0.12911052,0.029715609,0.5141263,0.0021820797
541,1.0,1.0,0.0,0.0,0.0,0.0,0.9511699,0.9957509,0.4215945,0.20737852,0.47389776,0.036207322
542,0.0,0.0,0.0,0.0,0.0,0.0,0.0068378616,0.002441506,0.0019006694,0.02366073,0.045791633,0.0018011343
543,1.0,1.0,0.0,1.0,1.0,0.0,0.99398446,0.999858,0.53485733,0.37261492,0.9470984,0.06899314
544,1.0,1.0,1.0,1.0,1.0,0.0,0.99586326,0.99970907,0.9409179,0.95433503,0.96313477,0.71968734
545,0.0,0.0,0.0,0.0,0.0,0.0,0.005284288,0.0028156627,0.0011971443,0.014349901,0.031583473,0.0070291804
546,1.0,1.0,0.0,0.0,1.0,0.0,0.99620306,0.99939877,0.18956378,0.43468022,0.8831396,0.5485014
547,1.0,1.0,1.0,1.0,0.0,0.0,0.98698163,0.99794704,0.5589441,0.2809321,0.69518983,0.31673545
548,0.0,0.0,0.0,0.0,0.0,0.0,0.015780699,0.035954453,0.41712406,0.15473357,0.035365675,0.17503443
549,0.0,0.0,0.0,0.0,0.0,0.0,0.0045267353,0.0025533934,0.0009921641,0.026417965,0.0551475,0.0015557254
550,0.0,0.0,0.0,0.0,1.0,0.0,0.09536101,0.013448708,0.0061616935,0.023293242,0.08408032,0.020008039
551,0.0,0.0,0.0,0.0,0.0,0.0,0.004469131,0.022855978,0.0038459306,0.058511157,0.09534312,0.007498079
552,1.0,1.0,0.0,0.0,0.0,0.0,0.99253136,0.9811708,0.00066523015,0.00585788,0.52133006,0.0029147882
