,True_RAL,True_EVG,True_DTG,True_BIC,Pred_Proba_RAL,Pred_Proba_EVG,Pred_Proba_DTG,Pred_Proba_BIC,kFolds
0,,1.0,,,0.16880711913108826,0.6039319634437561,0.004359927494078875,0.0005586999468505383,2.0
1,0.0,1.0,,,0.25812405347824097,0.9823988676071167,0.001101215137168765,0.0003432839293964207,4.0
2,1.0,1.0,,,0.5029208660125732,0.9911649823188782,0.0039941598661243916,0.0007452233694493771,0.0
3,0.0,1.0,,,0.20136378705501556,0.9711727499961853,0.00045399105874821544,0.00117709138430655,3.0
4,0.0,1.0,,,0.1657104343175888,0.9860914945602417,0.0016039401525631547,0.0003825001185759902,4.0
5,1.0,1.0,,,0.9989080429077148,0.9987742304801941,0.000516692700330168,0.0014519692631438375,3.0
6,1.0,1.0,,,0.9979544281959534,0.9975130558013916,0.0019428813830018044,0.0010704788146540523,1.0
7,1.0,1.0,,,0.99315345287323,0.9985334873199463,0.00958043709397316,0.0006980675971135497,0.0
8,1.0,1.0,,,0.9988214373588562,0.998943567276001,0.0005609142244793475,0.001142973662354052,3.0
9,1.0,1.0,,,0.6605499982833862,0.8267930746078491,0.0018726924899965525,0.001189098577015102,1.0
10,,1.0,,,0.19269636273384094,0.9287925362586975,0.0024436325766146183,0.0006630891002714634,0.0
11,1.0,1.0,,,0.24482771754264832,0.5687874555587769,0.0018075203988701105,0.001081607537344098,1.0
12,,1.0,,,0.022458720952272415,0.4171152114868164,0.003102412912994623,0.00044397840974852443,2.0
13,0.0,1.0,,,0.13951817154884338,0.9156039953231812,0.0010876754531636834,0.00037929086829535663,4.0
14,0.0,1.0,,,0.41788241267204285,0.9647566676139832,0.02422887086868286,0.004387166816741228,4.0
15,1.0,1.0,,,0.9957404732704163,0.9937535524368286,0.020937960594892502,0.003107622032985091,1.0
16,0.0,0.0,,,0.02141972817480564,0.30438897013664246,0.002019018167629838,0.16926130652427673,3.0
17,1.0,1.0,,,0.4966649115085602,0.9129061102867126,0.13307565450668335,0.0016985447145998478,2.0
18,0.0,1.0,,,0.3166853189468384,0.9143661856651306,0.017773358151316643,0.00313576590269804,1.0
19,1.0,1.0,,,0.9983435273170471,0.988314688205719,0.05956372618675232,0.0011955680092796683,2.0
20,1.0,1.0,,,0.9614620804786682,0.9461392760276794,0.23137150704860687,0.013915175572037697,4.0
21,1.0,1.0,,,0.9712201952934265,0.9656838178634644,0.17445644736289978,0.016144637018442154,4.0
22,1.0,1.0,,,0.9976460933685303,0.9936239719390869,0.005677149631083012,0.0008033321937546134,2.0
23,1.0,1.0,,,0.20800739526748657,0.9958967566490173,0.011201366782188416,0.0018596595618873835,0.0
24,1.0,1.0,,,0.9919545650482178,0.99912428855896,0.036183230578899384,0.003226605011150241,1.0
25,1.0,1.0,,,0.9998233318328857,0.9990170001983643,0.0064016068354249,0.000804106704890728,2.0
26,1.0,1.0,,,0.993391752243042,0.9993436336517334,0.2536335587501526,0.024438362568616867,3.0
27,1.0,1.0,,,0.9637354612350464,0.9901487231254578,0.40184730291366577,0.9584882259368896,4.0
28,0.0,0.0,,,0.010543863289058208,0.2750616669654846,0.0019126839470118284,0.0006459811702370644,1.0
29,0.0,0.0,,,0.01116916537284851,0.32998788356781006,0.0019201855175197124,0.0006786001613363624,1.0
30,1.0,1.0,,,0.9988964200019836,0.9982086420059204,0.002493435051292181,0.0006809013430029154,0.0
31,1.0,1.0,,,0.9984493851661682,0.9976946711540222,0.002574753714725375,0.0006809013430029154,0.0
32,1.0,1.0,,,0.9974838495254517,0.9921388626098633,0.0011327823158353567,0.0003585164377000183,4.0
33,1.0,1.0,,,0.9966561794281006,0.995965301990509,0.002347364090383053,0.0006761716795153916,0.0
34,1.0,1.0,,,0.9958032369613647,0.9711939096450806,0.001001711469143629,0.0003591275308281183,4.0
35,1.0,1.0,,,0.9896441102027893,0.9820117950439453,0.02705596387386322,0.0010605150600895286,4.0
36,1.0,1.0,,,0.9884234070777893,0.9491180181503296,0.08903666585683823,0.013105113990604877,3.0
37,1.0,1.0,,,0.9874076843261719,0.9579357504844666,0.0477982722222805,0.011693280190229416,3.0
38,1.0,1.0,,,0.4495638906955719,0.9303765296936035,0.09431857615709305,0.0008881243993528187,2.0
39,1.0,1.0,,,0.9980407357215881,0.9837770462036133,0.03719773143529892,0.011556625366210938,0.0
40,1.0,1.0,,,0.9965641498565674,0.9921241998672485,0.2760407626628876,0.0012948493240401149,4.0
41,0.0,0.0,,,0.00990239903330803,0.2724040448665619,0.01294521801173687,0.09821155667304993,1.0
42,0.0,1.0,,,0.26922622323036194,0.946405827999115,0.001897164387628436,0.001047976315021515,1.0
43,1.0,1.0,,,0.9889683127403259,0.9891892671585083,0.12175487726926804,0.5394928455352783,1.0
44,1.0,1.0,,,0.999174952507019,0.9977731704711914,0.002529744990170002,0.0010894574224948883,1.0
45,1.0,1.0,,,0.9989026784896851,0.9973064661026001,0.12509071826934814,0.013304547406733036,3.0
46,1.0,,,,0.9979579448699951,0.44180744886398315,0.0062843207269907,0.0009129670215770602,2.0
47,1.0,,,,0.9985576272010803,0.936669111251831,0.01797429472208023,0.0033908416517078876,4.0
48,1.0,,,,0.9922339916229248,0.42351698875427246,0.0008124822052195668,0.003001836594194174,3.0
49,1.0,,,,0.9993981719017029,0.9932359457015991,0.005547177512198687,0.0021017573308199644,0.0
50,1.0,,,,0.9933047890663147,0.9933607578277588,0.0008631488890387118,0.003685438074171543,3.0
51,1.0,,,,0.9988820552825928,0.9975320100784302,0.042110592126846313,0.0030933001544326544,1.0
52,1.0,,,,0.9712201952934265,0.9656838178634644,0.17445644736289978,0.016144637018442154,4.0
53,1.0,,,,0.9802259802818298,0.9991463422775269,0.33836108446121216,0.037423450499773026,3.0
54,1.0,,,,0.997700572013855,0.9725036025047302,0.06273406744003296,0.033895522356033325,0.0
55,1.0,,,,0.9973636865615845,0.9957748651504517,0.35117363929748535,0.06142932549118996,0.0
56,1.0,,0.0,,0.9983499646186829,0.9892563223838806,0.0025075001176446676,0.0012019913410767913,1.0
57,1.0,,0.0,,0.9980296492576599,0.9785547256469727,0.06841960549354553,0.0008867410360835493,2.0
58,1.0,,0.0,,0.9859120845794678,0.9560437202453613,0.08964438736438751,0.00361441052518785,4.0
59,1.0,,0.0,,0.9969954490661621,0.9680272340774536,0.07056748867034912,0.0007949838764034212,2.0
60,1.0,,0.0,,0.010874944739043713,0.2610972225666046,0.0021184212528169155,0.00040770196937955916,0.0
61,1.0,,0.0,,0.9934972524642944,0.9728199243545532,0.005092200823128223,0.001214176183566451,1.0
62,1.0,,0.0,,0.9993577599525452,0.9977949857711792,0.009563684463500977,0.0007351537351496518,4.0
63,1.0,,1.0,,0.9981653690338135,0.991264820098877,0.4576530158519745,0.1567816585302353,0.0
64,1.0,,1.0,,0.9916203022003174,0.9822321534156799,0.4069076180458069,0.010664955712854862,4.0
65,1.0,,1.0,,0.9921026229858398,0.8760219216346741,0.20224592089653015,0.7348164319992065,0.0
66,1.0,,0.0,,0.9971633553504944,0.9092296957969666,0.26966357231140137,0.6336886286735535,0.0
67,1.0,,,,0.9961349368095398,0.9937851428985596,0.010567565448582172,0.0021218706388026476,0.0
68,1.0,,,,0.9998233318328857,0.9990170001983643,0.0064016068354249,0.000804106704890728,2.0
69,1.0,,,,0.978075385093689,0.9614864587783813,0.0984286516904831,0.011568627320230007,1.0
70,1.0,,,,0.9828239679336548,0.9908477067947388,0.32243600487709045,0.016411876305937767,1.0
71,1.0,,,,0.9716169834136963,0.9422575831413269,0.45511746406555176,0.9604718685150146,4.0
72,1.0,,,,0.9945574402809143,0.988617479801178,0.23523391783237457,0.031251564621925354,0.0
73,1.0,,,,0.9948190450668335,0.9841946363449097,0.08219052851200104,0.010320611298084259,1.0
74,1.0,,,,0.9948256015777588,0.9963372945785522,0.31174179911613464,0.014108449220657349,1.0
75,1.0,,,,0.9976632595062256,0.9639460444450378,0.340675950050354,0.005037954077124596,2.0
76,1.0,,,,0.9975793957710266,0.991786777973175,0.1535491645336151,0.039670348167419434,0.0
77,1.0,,,,0.9884617924690247,0.9491963386535645,0.09031639993190765,0.03947719186544418,0.0
78,1.0,,,,0.9864451289176941,0.9905526638031006,0.3729298710823059,0.06483344733715057,0.0
79,1.0,,,,0.9846954345703125,0.9353983402252197,0.20595015585422516,0.5796487927436829,0.0
80,1.0,,,,0.9826543927192688,0.958417534828186,0.42171013355255127,0.014914942905306816,4.0
81,0.0,1.0,0.0,,0.21988016366958618,0.9658492207527161,0.002461992437019944,0.0012526563368737698,0.0
82,0.0,1.0,0.0,,0.29592105746269226,0.8743441104888916,0.002157903742045164,0.0012244413373991847,1.0
83,1.0,1.0,0.0,,0.9976074695587158,0.9770498275756836,0.029404815286397934,0.006798986811190844,1.0
84,1.0,1.0,0.0,,0.9946578741073608,0.8865966796875,0.08287270367145538,0.05510897561907768,0.0
85,1.0,1.0,0.0,,0.9911266565322876,0.9711920022964478,0.10794615745544434,0.0046669612638652325,4.0
86,1.0,1.0,0.0,,0.9979202151298523,0.9857277870178223,0.002474866807460785,0.0009002385195344687,0.0
87,1.0,1.0,0.0,,0.9968345165252686,0.997146725654602,0.004052063450217247,0.0006915819831192493,4.0
88,1.0,1.0,0.0,,0.9695783257484436,0.9941557049751282,0.10043121129274368,0.0007765676127746701,2.0
89,1.0,1.0,0.0,,0.9679059386253357,0.997115969657898,0.022296834737062454,0.001311780884861946,1.0
90,1.0,1.0,1.0,,0.9930794835090637,0.9947026968002319,0.06398116797208786,0.007737723179161549,1.0
91,1.0,1.0,0.0,,0.9993577599525452,0.9977949857711792,0.009563684463500977,0.0007351537351496518,4.0
92,0.0,1.0,0.0,,0.30915433168411255,0.990470826625824,0.0028417780995368958,0.0013450136175379157,1.0
93,1.0,1.0,1.0,,0.9993795156478882,0.9968127012252808,0.07412934303283691,0.0007781010936014354,2.0
94,1.0,1.0,0.0,,0.2775866687297821,0.9327553510665894,0.004312844946980476,0.0005779707571491599,2.0
95,1.0,1.0,0.0,,0.9966710805892944,0.9919928312301636,0.003007340244948864,0.0007103346288204193,4.0
96,1.0,1.0,0.0,,0.9989802241325378,0.9977760910987854,0.0005492402124218643,0.0011289551621302962,3.0
97,0.0,0.0,0.0,,0.8784708380699158,0.9793806076049805,0.0020731270778924227,0.0009817230748012662,0.0
98,1.0,0.0,0.0,,0.9924638271331787,0.2233041524887085,0.004831257276237011,0.0007675173110328615,4.0
99,1.0,0.0,0.0,,0.9949479699134827,0.25782284140586853,0.0029004954267293215,0.0009631168795749545,4.0
100,1.0,0.0,0.0,,0.9975197315216064,0.19113002717494965,0.0036749246064573526,0.0007330544758588076,2.0
101,0.0,0.0,0.0,,0.21695268154144287,0.5740033984184265,0.019798599183559418,0.00207171100191772,0.0
102,0.0,1.0,0.0,,0.1590515375137329,0.8721222281455994,0.02703079581260681,0.004626654088497162,4.0
103,1.0,1.0,1.0,,0.04961250722408295,0.9553664922714233,0.0007045564125292003,0.0038703575264662504,3.0
104,1.0,1.0,,,0.9992305636405945,0.5820123553276062,0.02563900128006935,0.003551715752109885,1.0
105,1.0,1.0,,,0.9987534880638123,0.9468457102775574,0.06801585108041763,0.0045657772570848465,4.0
106,1.0,1.0,,,0.9967160820960999,0.5241004228591919,0.017018722370266914,0.004158045165240765,4.0
107,1.0,1.0,,,0.9997016787528992,0.9470505714416504,0.005991010926663876,0.000883895147126168,2.0
108,1.0,1.0,,,0.9994122385978699,0.9891298413276672,0.09135022014379501,0.0024967780336737633,1.0
109,1.0,1.0,,,0.9973299503326416,0.6268163919448853,0.00844880472868681,0.0017863872926682234,0.0
110,1.0,0.0,,,0.9989686608314514,0.5330434441566467,0.017313186079263687,0.0032841991633176804,1.0
111,1.0,1.0,,,0.9998639822006226,0.9849862456321716,0.0007632672204636037,0.0035626657772809267,3.0
112,1.0,1.0,,,0.9997988939285278,0.9923569560050964,0.001931142178364098,0.0040449947118759155,3.0
113,1.0,1.0,,,0.997831404209137,0.42759987711906433,0.0070594968274235725,0.0006790355546399951,2.0
114,1.0,1.0,,,0.9993117451667786,0.9832342863082886,0.052236657589673996,0.0023640140425413847,1.0
115,1.0,0.0,,,0.9996304512023926,0.6514713764190674,0.008189870975911617,0.0010912817670032382,2.0
116,1.0,1.0,,,0.9998359680175781,0.9692899584770203,0.007586967665702105,0.0010503806406632066,2.0
117,1.0,1.0,,,0.9998497366905212,0.9773066639900208,0.00712575763463974,0.0009083126205950975,2.0
118,1.0,1.0,,,0.9993329048156738,0.9931113719940186,0.004532465711236,0.0017736790468916297,0.0
119,1.0,0.0,,,0.999571681022644,0.5490313172340393,0.0009160682093352079,0.002974541625007987,3.0
120,1.0,1.0,,,0.9994508624076843,0.9955782294273376,0.006807445082813501,0.0018482905579730868,0.0
121,1.0,1.0,,,0.9987720251083374,0.9406805634498596,0.020874034613370895,0.0033031792845577,4.0
122,1.0,1.0,,,0.9995407462120056,0.629539966583252,0.0008025699062272906,0.004188715945929289,3.0
123,1.0,1.0,,,0.999842643737793,0.9819936752319336,0.0009269145084545016,0.004177878610789776,3.0
124,1.0,1.0,,,0.9997503161430359,0.9534261226654053,0.007008548825979233,0.0012160725891590118,2.0
125,1.0,1.0,,,0.9996386170387268,0.6576692461967468,0.007012118119746447,0.0009089534287340939,2.0
126,1.0,1.0,,,0.9979579448699951,0.44180744886398315,0.0062843207269907,0.0009129670215770602,2.0
127,1.0,1.0,,,0.9998251795768738,0.9922716021537781,0.0019692948553711176,0.003689848119392991,3.0
128,1.0,1.0,,,0.9983808994293213,0.9510798454284668,0.017384875565767288,0.0033908416517078876,4.0
129,1.0,1.0,,,0.9998452067375183,0.9922923445701599,0.0019933569710701704,0.0035626657772809267,3.0
130,1.0,0.0,,,0.9807694554328918,0.4371908903121948,0.01592874526977539,0.002148624276742339,4.0
131,1.0,1.0,,,0.999442458152771,0.9776116013526917,0.03206923231482506,0.0037500213366001844,1.0
132,1.0,1.0,,,0.9987053871154785,0.7068041563034058,0.08221777528524399,0.0023057309444993734,1.0
133,1.0,1.0,,,0.9994233250617981,0.9954842329025269,0.015945589169859886,0.002081379061564803,0.0
134,1.0,1.0,,,0.9987906813621521,0.9497035145759583,0.027013350278139114,0.0045657772570848465,4.0
135,1.0,1.0,,,0.9989750385284424,0.6463820934295654,0.06010328233242035,0.003126954659819603,1.0
136,1.0,1.0,,,0.9991089701652527,0.981751024723053,0.0836915671825409,0.0023866251576691866,1.0
137,1.0,1.0,,,0.9993264079093933,0.9950780272483826,0.009972936473786831,0.0021107231732457876,0.0
138,1.0,1.0,,,0.9962124824523926,0.6151149868965149,0.030121760442852974,0.003446512157097459,4.0
139,1.0,1.0,,,0.998477041721344,0.9818992018699646,0.03231068700551987,0.0022456091828644276,1.0
140,1.0,1.0,,,0.9994350671768188,0.9759067296981812,0.06628209352493286,0.0032584439031779766,1.0
141,1.0,1.0,,,0.9997361898422241,0.6101810932159424,0.007012118119746447,0.0009089534287340939,2.0
142,1.0,1.0,,,0.9997302293777466,0.9769189953804016,0.007361239288002253,0.000953173206653446,2.0
143,1.0,1.0,,,0.9979245662689209,0.5239083170890808,0.0006528327357955277,0.0035133743658661842,3.0
144,1.0,1.0,,,0.999689519405365,0.9660788774490356,0.006839970126748085,0.000883895147126168,2.0
145,1.0,1.0,,,0.9996048212051392,0.9765183329582214,0.07985054701566696,0.0036776915658265352,1.0
146,1.0,1.0,,,0.9998264908790588,0.9794312119483948,0.000854365760460496,0.0049293250776827335,3.0
147,1.0,1.0,,,0.9998359084129333,0.9815471172332764,0.0010744391474872828,0.0031806286424398422,3.0
148,1.0,1.0,,,0.9989026784896851,0.6056696772575378,0.009435012936592102,0.0020296170841902494,0.0
149,1.0,0.0,,,0.9997463822364807,0.6725035309791565,0.007638547103852034,0.0010001907357946038,2.0
150,1.0,1.0,,,0.9996957182884216,0.5181728601455688,0.0008025699062272906,0.004188715945929289,3.0
151,1.0,1.0,,,0.9987633228302002,0.5615962147712708,0.0007899474585428834,0.004778245463967323,3.0
152,1.0,1.0,,,0.9998321533203125,0.9909292459487915,0.0015863567823544145,0.003775142366066575,3.0
153,1.0,1.0,,,0.9991777539253235,0.6614070534706116,0.008751112967729568,0.0009384073782712221,2.0
154,1.0,1.0,,,0.9998074769973755,0.9681934714317322,0.007808117661625147,0.0010430417023599148,2.0
155,1.0,1.0,,,0.9993041157722473,0.9941566586494446,0.005136477295309305,0.0017661829479038715,0.0
156,1.0,0.0,,,0.9819350242614746,0.4892094135284424,0.020460234954953194,0.002038321690633893,4.0
157,1.0,1.0,,,0.999823272228241,0.9834061861038208,0.000874389021191746,0.003775142366066575,3.0
158,1.0,1.0,,,0.9993739128112793,0.5877019762992859,0.022785136476159096,0.00329866842366755,1.0
159,1.0,0.0,,,0.9829859733581543,0.439717561006546,0.03060627169907093,0.0014591955114156008,4.0
160,1.0,0.0,,,0.9967039823532104,0.5562590956687927,0.02038862183690071,0.0060995775274932384,4.0
161,1.0,1.0,,,0.989844560623169,0.6404625177383423,0.03228482976555824,0.004399415571242571,4.0
162,1.0,1.0,,,0.9998465776443481,0.9848858714103699,0.0007936276961117983,0.003689848119392991,3.0
163,1.0,1.0,,,0.9996323585510254,0.9766919016838074,0.07695308327674866,0.0033772115129977465,1.0
164,1.0,1.0,,,0.9993404746055603,0.97242671251297,0.03231068700551987,0.0022456091828644276,1.0
165,1.0,0.0,,,0.9987165927886963,0.6064074039459229,0.03586716577410698,0.0023057309444993734,1.0
166,1.0,1.0,,,0.9980419278144836,0.9651296138763428,0.036345187574625015,0.004945708904415369,4.0
167,1.0,1.0,,,0.9996329545974731,0.9699863195419312,0.033668212592601776,0.0033772115129977465,1.0
168,1.0,1.0,,,0.9992679953575134,0.9944090843200684,0.012207752093672752,0.0021017573308199644,0.0
169,1.0,1.0,,,0.9997953772544861,0.9682378768920898,0.007297886535525322,0.0011927926680073142,2.0
170,1.0,1.0,,,0.9986890554428101,0.9339349865913391,0.028842570260167122,0.005350061226636171,4.0
171,1.0,0.0,,,0.9994919300079346,0.514695405960083,0.000833712110761553,0.0035133743658661842,3.0
172,1.0,0.0,,,0.9996199011802673,0.6000810861587524,0.007169175893068314,0.0010968189453706145,2.0
173,1.0,1.0,,,0.9997308850288391,0.9674035906791687,0.006922589614987373,0.0009083126205950975,2.0
174,1.0,1.0,,,0.998970091342926,0.5931612253189087,0.0074413917027413845,0.0020296170841902494,0.0
175,1.0,1.0,,,0.9997122883796692,0.9856462478637695,0.001285613514482975,0.0032056556083261967,3.0
176,0.0,1.0,0.0,,0.6028724312782288,0.8751161694526672,0.26422634720802307,0.003488233545795083,1.0
177,0.0,1.0,0.0,,0.011565089225769043,0.36817967891693115,0.04114648327231407,0.0006543728522956371,1.0
178,0.0,0.0,0.0,,0.016702573746442795,0.24172335863113403,0.0022697411477565765,0.0006814196240156889,1.0
179,1.0,1.0,0.0,,0.9980296492576599,0.9785547256469727,0.06841960549354553,0.0008867410360835493,2.0
180,0.0,0.0,0.0,,0.008663012646138668,0.200508713722229,0.004162587691098452,0.0004550625162664801,2.0
181,1.0,1.0,0.0,,0.9981474280357361,0.9140331745147705,0.13244524598121643,0.03984750062227249,0.0
182,0.0,1.0,0.0,,0.2907877564430237,0.9798572063446045,0.002451087348163128,0.001219975994899869,1.0
183,0.0,1.0,0.0,,0.010893484577536583,0.4689522981643677,0.0005767741240561008,0.0008764056256040931,3.0
184,0.0,1.0,0.0,,0.008429836481809616,0.29706600308418274,0.0038371754344552755,0.0004595588252414018,2.0
185,1.0,0.0,0.0,,0.9956445097923279,0.18822720646858215,0.003626147285103798,0.000613888434600085,2.0
186,0.0,1.0,0.0,,0.01637798175215721,0.45506399869918823,0.0005608831997960806,0.0010063961381092668,3.0
187,0.0,0.0,0.0,,0.029977239668369293,0.2921735644340515,0.006170146632939577,0.0004310481599532068,4.0
188,1.0,1.0,0.0,,0.9937111735343933,0.9724067449569702,0.07674624025821686,0.0008400749647989869,2.0
189,0.0,0.0,0.0,,0.037590812891721725,0.25036370754241943,0.0028029249515384436,0.0006140830228105187,4.0
190,0.0,0.0,0.0,,0.009362941607832909,0.19690290093421936,0.0036990814842283726,0.00045008299639448524,2.0
191,1.0,1.0,0.0,,0.4084336757659912,0.9449577927589417,0.004109556321054697,0.0007246910827234387,4.0
192,0.0,1.0,0.0,,0.026539819315075874,0.2663596570491791,0.0049689216539263725,0.00041974897612817585,0.0
193,0.0,0.0,0.0,,0.017819218337535858,0.26648783683776855,0.004312882199883461,0.0004569077864289284,0.0
194,0.0,1.0,0.0,,0.9557415246963501,0.9672387838363647,0.0005958693218417466,0.001250795554369688,3.0
195,0.0,0.0,0.0,,0.01481635682284832,0.223645880818367,0.0035330024547874928,0.00046573064173571765,2.0
196,1.0,1.0,0.0,,0.998467206954956,0.9929782748222351,0.002164967358112335,0.0010008704848587513,0.0
197,0.0,0.0,0.0,,0.012249842286109924,0.18572163581848145,0.0005604872130788863,0.000917229859624058,3.0
198,0.0,1.0,0.0,,0.00951843336224556,0.2223876416683197,0.002207460580393672,0.0006573435966856778,1.0
199,1.0,0.0,0.0,,0.9964417219161987,0.271195650100708,0.0025889805983752012,0.0005855855415575206,0.0
200,0.0,1.0,0.0,,0.02369057945907116,0.49637243151664734,0.0029255824629217386,0.00038347759982571006,4.0
201,0.0,1.0,0.0,,0.028179673478007317,0.31549501419067383,0.011126670055091381,0.0005148572381585836,4.0
202,0.0,0.0,0.0,,0.04472468048334122,0.15577849745750427,0.0006174828158691525,0.0009425303433090448,3.0
203,1.0,1.0,0.0,,0.2003120481967926,0.6512608528137207,0.009807509370148182,0.0007148247677832842,2.0
204,0.0,0.0,0.0,,0.011773698031902313,0.181296244263649,0.0031369866337627172,0.0007504886016249657,0.0
205,0.0,1.0,0.0,,0.2893875539302826,0.9730039834976196,0.00281509873457253,0.000705039594322443,4.0
206,0.0,0.0,0.0,,0.016806382685899734,0.17904555797576904,0.004771419335156679,0.0007584545528516173,4.0
207,0.0,0.0,0.0,,0.013496031984686852,0.16060030460357666,0.0006291230674833059,0.0008761751232668757,3.0
208,0.0,0.0,0.0,,0.014939715154469013,0.17323854565620422,0.018226293846964836,0.03740961477160454,0.0
209,1.0,1.0,0.0,,0.9934972524642944,0.9728199243545532,0.005092200823128223,0.001214176183566451,1.0
210,0.0,1.0,0.0,,0.013125295750796795,0.42080962657928467,0.013104691170156002,0.0004144249251112342,0.0
211,0.0,0.0,0.0,,0.012228045612573624,0.43522152304649353,0.0036212170962244272,0.000412038090871647,0.0
212,0.0,1.0,0.0,,0.016453072428703308,0.26320165395736694,0.0026888938155025244,0.00047193330829031765,0.0
213,1.0,1.0,0.0,,0.01246697548776865,0.4520898461341858,0.0024140188470482826,0.0006398402620106936,1.0
214,0.0,0.0,0.0,,0.0220057163387537,0.24925824999809265,0.002993136178702116,0.0006779447430744767,4.0
215,1.0,1.0,0.0,,0.014098112471401691,0.33562517166137695,0.01005762442946434,0.0021697403863072395,1.0
216,0.0,0.0,0.0,,0.02129216678440571,0.30129268765449524,0.0028611926827579737,0.0006319550448097289,4.0
217,0.0,0.0,0.0,,0.024258654564619064,0.26182758808135986,0.0205906480550766,0.23478730022907257,4.0
218,1.0,1.0,0.0,,0.016453072428703308,0.26320165395736694,0.0026888938155025244,0.00047193330829031765,0.0
219,0.0,1.0,0.0,,0.013581694103777409,0.4078158140182495,0.0005325148813426495,0.0009519138257019222,3.0
220,0.0,0.0,0.0,,0.012578113004565239,0.25874873995780945,0.0023746625520288944,0.0004022205830551684,0.0
221,0.0,1.0,0.0,,0.18254917860031128,0.9689709544181824,0.00337322149425745,0.0005716505111195147,2.0
222,0.0,0.0,0.0,,0.013540318235754967,0.18262673914432526,0.003495321376249194,0.0005690886173397303,2.0
223,1.0,1.0,0.0,,0.9983499646186829,0.9892563223838806,0.0025075001176446676,0.0012019913410767913,1.0
224,0.0,0.0,0.0,,0.012642335146665573,0.1488674283027649,0.0006383187719620764,0.000869800103828311,3.0
225,0.0,0.0,0.0,,0.01275739073753357,0.16906005144119263,0.0006091685499995947,0.0009272529277950525,3.0
226,1.0,0.0,0.0,,0.9962426424026489,0.23383262753486633,0.0005830555455759168,0.0008897279039956629,3.0
227,1.0,1.0,0.0,,0.10577130317687988,0.3963678181171417,0.0034196069464087486,0.0004141617682762444,0.0
228,0.0,1.0,0.0,0.0,0.22648201882839203,0.9727481007575989,0.003869125386700034,0.000550624099560082,2.0
229,0.0,0.0,0.0,0.0,0.01165299117565155,0.3865728974342346,0.000535959261469543,0.0008807794074527919,3.0
230,0.0,1.0,0.0,0.0,0.27657440304756165,0.9579977989196777,0.0035388823598623276,0.000741419498808682,4.0
231,0.0,0.0,0.0,0.0,0.016702573746442795,0.24172335863113403,0.0022697411477565765,0.0006814196240156889,1.0
232,0.0,0.0,0.0,0.0,0.013581694103777409,0.4078158140182495,0.0005325148813426495,0.0009519138257019222,3.0
233,0.0,0.0,0.0,0.0,0.011089479550719261,0.40833592414855957,0.0007526905974373221,0.0010480997152626514,3.0
234,0.0,1.0,0.0,0.0,0.010156143456697464,0.2545228600502014,0.0026710794772952795,0.0005092555657029152,0.0
235,1.0,1.0,0.0,0.0,0.9663931727409363,0.9946492910385132,0.0990094393491745,0.062071818858385086,0.0
236,1.0,1.0,0.0,1.0,0.9927854537963867,0.9483423233032227,0.42108622193336487,0.0038233380764722824,2.0
237,1.0,1.0,1.0,1.0,0.9896938800811768,0.9945455193519592,0.14442531764507294,0.6117099523544312,3.0
238,1.0,1.0,0.0,1.0,0.9644207954406738,0.9913855791091919,0.43210461735725403,0.004199241753667593,2.0
239,1.0,1.0,0.0,0.0,0.9946578741073608,0.8865966796875,0.08287270367145538,0.05510897561907768,0.0
240,0.0,0.0,0.0,0.0,0.036028627306222916,0.31632325053215027,0.03359994664788246,0.7736549377441406,4.0
241,0.0,0.0,0.0,0.0,0.02588028460741043,0.3027988076210022,0.002923079300671816,0.0003807259490713477,4.0
242,0.0,0.0,0.0,0.0,0.024022752419114113,0.4541710615158081,0.0027587879449129105,0.00037034237175248563,4.0
243,0.0,1.0,0.0,0.0,0.7201317548751831,0.6434459686279297,0.007769354619085789,0.0008173325913958251,4.0
244,1.0,1.0,0.0,0.0,0.9975643754005432,0.9718783497810364,0.30752646923065186,0.09766913205385208,0.0
245,1.0,1.0,1.0,1.0,0.9981943964958191,0.9880190491676331,0.5317469835281372,0.985232949256897,2.0
246,0.0,0.0,0.0,0.0,0.013566948473453522,0.38669300079345703,0.006001876667141914,0.001359680900350213,3.0
247,0.0,1.0,0.0,0.0,0.2278953194618225,0.8242645859718323,0.002173264045268297,0.0011135973036289215,0.0
248,1.0,1.0,0.0,0.0,0.9983499646186829,0.9892563223838806,0.0025075001176446676,0.0012019913410767913,1.0
249,0.0,0.0,0.0,0.0,0.010042369365692139,0.3717021048069,0.004527834709733725,0.000445127603597939,2.0
250,1.0,1.0,0.0,0.0,0.998222291469574,0.9956061244010925,0.016652997583150864,0.0014075145591050386,1.0
251,1.0,1.0,0.0,0.0,0.9873446226119995,0.9640352725982666,0.3818810284137726,0.9924848675727844,4.0
252,1.0,1.0,0.0,0.0,0.9979987144470215,0.9955653548240662,0.24713808298110962,0.004431999288499355,4.0
253,1.0,1.0,0.0,0.0,0.9937334060668945,0.9523898363113403,0.14469341933727264,0.016283219680190086,3.0
254,1.0,1.0,0.0,0.0,0.015544022433459759,0.11104056984186172,0.002451327396556735,0.0011620911536738276,1.0
255,0.0,1.0,0.0,0.0,0.00787341594696045,0.3544566333293915,0.003704346716403961,0.00046625148388557136,2.0
256,1.0,1.0,0.0,0.0,0.9917348027229309,0.975557804107666,0.005269451066851616,0.0012660827487707138,1.0
257,1.0,1.0,0.0,0.0,0.9813899993896484,0.9025752544403076,0.007633962668478489,0.0022749067284166813,1.0
258,1.0,1.0,0.0,0.0,0.9978346824645996,0.9932517409324646,0.0009022873127833009,0.0011706535005941987,3.0
259,0.0,1.0,0.0,0.0,0.16374342143535614,0.9823007583618164,0.016317956149578094,0.000880818348377943,0.0
260,0.0,1.0,0.0,0.0,0.013125295750796795,0.42080962657928467,0.013104691170156002,0.0004144249251112342,0.0
261,1.0,1.0,0.0,0.0,0.7697380185127258,0.8773995041847229,0.0033833051566034555,0.0006328839808702469,2.0
262,0.0,0.0,0.0,0.0,0.05111164599657059,0.32549771666526794,0.0005780136561952531,0.0016833533300086856,3.0
263,0.0,0.0,0.0,0.0,0.05111164599657059,0.32549771666526794,0.0005780136561952531,0.0016833533300086856,3.0
264,1.0,1.0,0.0,0.0,0.016450155526399612,0.378998339176178,0.0028131622821092606,0.0007362031610682607,1.0
265,0.0,0.0,0.0,0.0,0.015115117654204369,0.22645705938339233,0.0026873534079641104,0.00046634915634058416,0.0
266,0.0,0.0,0.0,0.0,0.014913424849510193,0.24445736408233643,0.002276711631566286,0.0004144249251112342,0.0
267,0.0,0.0,0.0,0.0,0.011896724812686443,0.36977890133857727,0.000585676752962172,0.0008802117081359029,3.0
268,0.0,0.0,0.0,0.0,0.009766312316060066,0.3743034601211548,0.0043380833230912685,0.0004473012813832611,2.0
269,0.0,0.0,0.0,0.0,0.05617105960845947,0.30621403455734253,0.003371440339833498,0.0004202780837658793,4.0
270,0.0,0.0,0.0,0.0,0.022198427468538284,0.36113011837005615,0.01477618608623743,0.0003807259490713477,4.0
271,1.0,1.0,1.0,1.0,0.9927178025245667,0.9611903429031372,0.8269475102424622,0.9765642881393433,2.0
272,0.0,0.0,0.0,0.0,0.009151322767138481,0.20009925961494446,0.003835268784314394,0.0004786403733305633,2.0
273,0.0,0.0,0.0,0.0,0.02131790667772293,0.2630399763584137,0.0029486515559256077,0.00038111215690150857,4.0
274,0.0,0.0,0.0,0.0,0.009427595883607864,0.19056102633476257,0.0038828428369015455,0.0004614596255123615,2.0
275,0.0,0.0,0.0,0.0,0.014277402311563492,0.1681385189294815,0.0021166051737964153,0.0006745954160578549,1.0
276,1.0,1.0,0.0,0.0,0.8307920098304749,0.5213143229484558,0.00263784802518785,0.0007336032576858997,4.0
277,0.0,0.0,0.0,0.0,0.17729631066322327,0.16151496767997742,0.01588737592101097,0.0006137964082881808,2.0
278,0.0,0.0,0.0,0.0,0.01323835551738739,0.18780702352523804,0.004757587797939777,0.0004990178276784718,2.0
279,1.0,1.0,0.0,0.0,0.9465144872665405,0.9468344449996948,0.0006745358696207404,0.0012198890326544642,3.0
280,1.0,1.0,0.0,0.0,0.7697380185127258,0.8773995041847229,0.0033833051566034555,0.0006328839808702469,2.0
281,1.0,1.0,0.0,0.0,0.9207916855812073,0.9253585934638977,0.0027990154922008514,0.0013793790712952614,1.0
282,1.0,1.0,0.0,0.0,0.9816728830337524,0.9747745990753174,0.0005850512534379959,0.001242106663994491,3.0
283,1.0,1.0,1.0,1.0,0.9960845112800598,0.9872325658798218,0.9851277470588684,0.899869441986084,3.0
284,1.0,1.0,0.0,0.0,0.9024146795272827,0.9176313877105713,0.004086588509380817,0.000638225581496954,2.0
285,1.0,1.0,0.0,0.0,0.9602692127227783,0.9754044413566589,0.0006107018562033772,0.001306999009102583,3.0
286,1.0,1.0,0.0,0.0,0.9459550380706787,0.9822816848754883,0.002121016848832369,0.0010229810141026974,0.0
287,1.0,1.0,0.0,0.0,0.9033850431442261,0.9186254739761353,0.003991412930190563,0.000640668673440814,2.0
288,1.0,1.0,0.0,0.0,0.8512526750564575,0.8994370698928833,0.003278242889791727,0.0021805663127452135,4.0
289,1.0,0.0,0.0,0.0,0.010042369365692139,0.3717021048069,0.004527834709733725,0.000445127603597939,2.0
290,1.0,0.0,0.0,0.0,0.013820132240653038,0.11645100265741348,0.0034735652152448893,0.0017521022818982601,1.0
291,0.0,0.0,0.0,0.0,0.07099848240613937,0.36209842562675476,0.0026084422133862972,0.0006688206340186298,1.0
292,1.0,1.0,0.0,0.0,0.0514092743396759,0.24488911032676697,0.0031331628561019897,0.00043484344496391714,0.0
293,1.0,1.0,0.0,0.0,0.1840246170759201,0.475037157535553,0.0006154512520879507,0.0008741938509047031,3.0
294,1.0,1.0,0.0,0.0,0.966344952583313,0.9832904934883118,0.002816770924255252,0.0010635264916345477,0.0
295,1.0,1.0,0.0,0.0,0.973678708076477,0.9390849471092224,0.0034327064640820026,0.0007298534619621933,4.0
296,1.0,1.0,0.0,0.0,0.9689634442329407,0.952014148235321,0.0030150373931974173,0.001462525688111782,1.0
297,1.0,1.0,0.0,0.0,0.9960820078849792,0.987990140914917,0.9851399064064026,0.8959153890609741,3.0
298,1.0,1.0,0.0,0.0,0.9432740807533264,0.9511057138442993,0.005770204588770866,0.0006779947434552014,2.0
299,1.0,1.0,0.0,0.0,0.9519757032394409,0.9812260270118713,0.0030520104337483644,0.0009214544552378356,0.0
300,1.0,1.0,0.0,0.0,0.9689634442329407,0.952014148235321,0.0030150373931974173,0.001462525688111782,1.0
301,1.0,1.0,0.0,0.0,0.01332427654415369,0.3604946732521057,0.004600774962455034,0.0004885633825324476,2.0
302,0.0,0.0,0.0,,0.024857405573129654,0.21099740266799927,0.11584886908531189,0.00216446234844625,1.0
303,1.0,1.0,1.0,,0.9847713708877563,0.965648889541626,0.9957185983657837,0.8611735105514526,3.0
304,0.0,0.0,0.0,,0.015076957643032074,0.23199956119060516,0.17303329706192017,0.0055014765821397305,2.0
305,1.0,1.0,1.0,,0.9895293712615967,0.9571512341499329,0.9755410552024841,0.9760900735855103,2.0
306,0.0,0.0,0.0,,0.01572415605187416,0.3888893127441406,0.09038177132606506,0.004073629155755043,1.0
307,1.0,1.0,1.0,,0.9931737184524536,0.9881158471107483,0.8168942332267761,0.9751451015472412,2.0
308,0.0,0.0,0.0,,0.02594897896051407,0.38086771965026855,0.10661515593528748,0.6565293669700623,4.0
309,1.0,1.0,1.0,,0.9959825873374939,0.9892746210098267,0.941069483757019,0.958052396774292,1.0
310,0.0,1.0,0.0,,0.005665486678481102,0.4734776020050049,0.022572854533791542,0.0011939441319555044,2.0
311,0.0,1.0,0.0,,0.18109571933746338,0.81871497631073,0.05013038590550423,0.006371421739459038,1.0
312,0.0,0.0,0.0,,0.5134364366531372,0.9792353510856628,0.0570792555809021,0.0017870247829705477,2.0
313,0.0,1.0,0.0,,0.8647536635398865,0.9442013502120972,0.4750067889690399,0.00928586907684803,4.0
314,1.0,1.0,0.0,,0.9870985150337219,0.954545259475708,0.06198330223560333,0.03277337923645973,0.0
315,1.0,1.0,0.0,,0.9991824626922607,0.9973003268241882,0.875087320804596,0.9710962176322937,4.0
316,0.0,1.0,0.0,,0.8920356035232544,0.9960744380950928,0.5879356265068054,0.7819520831108093,3.0
317,0.0,1.0,0.0,,0.5703930854797363,0.5605095624923706,0.20053347945213318,0.02561984583735466,3.0
318,0.0,0.0,0.0,,0.003956596367061138,0.3967958688735962,0.006891392171382904,0.0010395180433988571,2.0
319,0.0,1.0,0.0,0.0,0.20155687630176544,0.9862828850746155,0.0027374355122447014,0.0007800781750120223,0.0
320,0.0,1.0,0.0,0.0,0.15622910857200623,0.9877310991287231,0.003568427637219429,0.0005398810026235878,2.0
321,1.0,1.0,0.0,0.0,0.171219140291214,0.9707993268966675,0.003616810543462634,0.000577432569116354,2.0
322,1.0,1.0,0.0,0.0,0.9981148838996887,0.997177243232727,0.003565465332940221,0.0005318605690263212,2.0
323,1.0,1.0,0.0,0.0,0.9981371164321899,0.9952360987663269,0.0021917205303907394,0.0010298441629856825,1.0
324,1.0,0.0,0.0,0.0,0.9993977546691895,0.5583814382553101,0.0028675696812570095,0.0008143518352881074,0.0
325,1.0,0.0,0.0,0.0,0.9996429681777954,0.5118915438652039,0.0005040198448114097,0.001121093169786036,3.0
326,1.0,1.0,0.0,0.0,0.9968641996383667,0.384086549282074,0.0020044243428856134,0.000956779345870018,1.0
327,0.0,1.0,0.0,0.0,0.19269636273384094,0.9287925362586975,0.0024436325766146183,0.0006630891002714634,0.0
328,1.0,1.0,0.0,0.0,0.998247504234314,0.9903959035873413,0.05033724009990692,0.0008450294844806194,2.0
329,1.0,1.0,0.0,0.0,0.9908221960067749,0.9670334458351135,0.02364148572087288,0.006541721988469362,1.0
330,1.0,1.0,0.0,0.0,0.9896441102027893,0.9820117950439453,0.02705596387386322,0.0010605150600895286,4.0
331,1.0,1.0,0.0,0.0,0.9890313148498535,0.9877122640609741,0.002231287071481347,0.001048276317305863,1.0
332,0.0,1.0,0.0,0.0,0.16635245084762573,0.6716362833976746,0.010290542617440224,0.0006648276466876268,0.0
333,0.0,1.0,0.0,0.0,0.20704534649848938,0.5853852033615112,0.009820107370615005,0.0006648276466876268,0.0
334,0.0,0.0,0.0,0.0,0.013332420960068703,0.4678244888782501,0.0025152110029011965,0.0003854953101836145,0.0
335,0.0,0.0,0.0,0.0,0.24550840258598328,0.5085155367851257,0.0026362352073192596,0.0006648276466876268,0.0
336,0.0,1.0,0.0,0.0,0.012275734916329384,0.47101637721061707,0.002475257031619549,0.0006557459128089249,1.0
337,0.0,1.0,0.0,0.0,0.02202751487493515,0.41023072600364685,0.0018169294344261289,0.0007732596131972969,4.0
338,0.0,0.0,0.0,0.0,0.276157408952713,0.5400938391685486,0.002073847223073244,0.001234418130479753,1.0
339,0.0,0.0,0.0,0.0,0.012675721198320389,0.34672507643699646,0.001240295241586864,0.00029391940915957093,4.0
340,0.0,0.0,0.0,0.0,0.011094075627624989,0.4976087808609009,0.0030102329328656197,0.0018064675386995077,0.0
341,0.0,0.0,0.0,0.0,0.2346193492412567,0.5179175138473511,0.006008749362081289,0.000519358494784683,2.0
342,0.0,0.0,0.0,0.0,0.014210316352546215,0.49139511585235596,0.009840200655162334,0.018111206591129303,0.0
343,0.0,0.0,0.0,0.0,0.3596230149269104,0.5143988132476807,0.01683209463953972,0.6404170393943787,4.0
344,1.0,1.0,0.0,0.0,0.2822234034538269,0.8800735473632812,0.013421379961073399,0.0012149151880294085,0.0
345,0.0,1.0,0.0,0.0,0.2406846582889557,0.5323895215988159,0.004808258265256882,0.00034198880894109607,4.0
346,1.0,1.0,0.0,0.0,0.38124772906303406,0.9549440145492554,0.18694700300693512,0.003555117640644312,0.0
347,0.0,1.0,0.0,0.0,0.20157025754451752,0.5196038484573364,0.0005393167957663536,0.0012075178092345595,3.0
348,1.0,1.0,0.0,0.0,0.23365938663482666,0.5500617027282715,0.0005213909316807985,0.001500493148341775,3.0
349,0.0,0.0,0.0,0.0,0.010022256523370743,0.4571964144706726,0.00365418940782547,0.0004703963059000671,2.0
350,0.0,1.0,0.0,0.0,0.3790651559829712,0.9613683819770813,0.003384468611329794,0.0005307186511345208,2.0
351,0.0,1.0,0.0,0.0,0.2620753347873688,0.5937263369560242,0.0028103357180953026,0.0006963108316995203,0.0
352,1.0,1.0,0.0,0.0,0.2620753347873688,0.5937263369560242,0.0028103357180953026,0.0006963108316995203,0.0
353,0.0,1.0,0.0,0.0,0.22264400124549866,0.5708982944488525,0.0037503568455576897,0.000519358494784683,2.0
354,1.0,1.0,0.0,0.0,0.3172444701194763,0.5379735231399536,0.004256739281117916,0.000519358494784683,2.0
355,0.0,0.0,0.0,0.0,0.2477426528930664,0.5094231963157654,0.0018685460090637207,0.0013046505628153682,1.0
356,0.0,1.0,0.0,0.0,0.24403586983680725,0.5152367353439331,0.001846006140112877,0.001059558941051364,1.0
357,0.0,1.0,0.0,0.0,0.2542878985404968,0.5805129408836365,0.00230076489970088,0.0006560470210388303,0.0
358,0.0,0.0,0.0,0.0,0.012158638797700405,0.391689270734787,0.0004977885400876403,0.0008823745884001255,3.0
359,0.0,0.0,0.0,0.0,0.022458720952272415,0.4171152114868164,0.003102412912994623,0.00044397840974852443,2.0
360,0.0,0.0,0.0,0.0,0.2327563464641571,0.6008887887001038,0.003235095413401723,0.0006866378244012594,0.0
361,0.0,0.0,0.0,0.0,0.480579674243927,0.5474528074264526,0.0030879387632012367,0.000519358494784683,2.0
362,0.0,1.0,0.0,0.0,0.2668832838535309,0.9957823753356934,0.002505407202988863,0.0011973145883530378,1.0
363,0.0,1.0,0.0,0.0,0.36787092685699463,0.9958356618881226,0.0021165835205465555,0.0011610850924625993,1.0
364,1.0,1.0,0.0,0.0,0.2432774305343628,0.9623435139656067,0.0005106280441395938,0.0011602214071899652,3.0
365,1.0,1.0,0.0,0.0,0.9990167617797852,0.9979021549224854,0.003321807598695159,0.0005604661419056356,2.0
366,1.0,1.0,0.0,0.0,0.9979674220085144,0.9953495264053345,0.0010795802809298038,0.00038570252945646644,4.0
367,1.0,1.0,0.0,0.0,0.9984934329986572,0.997864305973053,0.0023587988689541817,0.0007023123325780034,0.0
368,0.0,1.0,0.0,0.0,0.21585071086883545,0.9264014959335327,0.0026790194679051638,0.000655482872389257,0.0
369,0.0,1.0,0.0,0.0,0.36450690031051636,0.9328547716140747,0.0018741380190476775,0.0010491132270544767,1.0
370,1.0,1.0,0.0,0.0,0.23864248394966125,0.9284582734107971,0.0005022895056754351,0.001138242776505649,3.0
371,1.0,1.0,0.0,0.0,0.9909350275993347,0.9698049426078796,0.024764131754636765,0.006242581643164158,1.0
372,1.0,1.0,0.0,0.0,0.9830905199050903,0.9820418357849121,0.03141893446445465,0.0010501912329345942,4.0
373,1.0,1.0,0.0,0.0,0.9864910840988159,0.9055261015892029,0.09252765029668808,0.012696022167801857,3.0
374,1.0,1.0,0.0,0.0,0.9955657720565796,0.9913478493690491,0.0007172561599873006,0.0012212904402986169,3.0
375,1.0,1.0,0.0,0.0,0.9909853935241699,0.9865581393241882,0.002220256719738245,0.00117705506272614,1.0
376,1.0,1.0,0.0,0.0,0.994499146938324,0.9860489368438721,0.0008299818146042526,0.0011859952937811613,3.0
377,1.0,1.0,0.0,0.0,0.9992393851280212,0.9984515309333801,0.509800910949707,0.9886741638183594,0.0
378,1.0,1.0,0.0,0.0,0.9965641498565674,0.9921241998672485,0.2760407626628876,0.0012948493240401149,4.0
379,1.0,1.0,1.0,1.0,0.9777297973632812,0.9806134700775146,0.12585985660552979,0.001615768065676093,4.0
380,1.0,,0.0,,0.9939064979553223,0.8468508720397949,0.01843172125518322,0.00406696368008852,1.0
381,0.0,0.0,,,0.00889063160866499,0.1775449514389038,0.020787864923477173,0.0021351268514990807,1.0
382,0.0,0.0,,,0.35914480686187744,0.9742050766944885,0.007799671497195959,0.0028508377727121115,1.0
383,0.0,1.0,,,0.01036133524030447,0.4833751618862152,0.002688302192837,0.002353313146159053,3.0
384,0.0,0.0,,,0.015731574967503548,0.09831073135137558,0.003361400915309787,0.10611701756715775,3.0
385,0.0,0.0,,,0.0047652218490839005,0.1840195655822754,0.03759525343775749,0.001382275833748281,4.0
386,0.0,,0.0,,0.016478566452860832,0.17541228234767914,0.001924383221194148,0.002880002837628126,3.0
387,1.0,,0.0,,0.9923129677772522,0.9847652316093445,0.18117724359035492,0.009736815467476845,4.0
388,1.0,,0.0,,0.9959439635276794,0.8763514757156372,0.006225901655852795,0.002654491690918803,1.0
389,,,0.0,0.0,0.004822074435651302,0.1310146301984787,0.013160347007215023,0.004332925193011761,4.0
390,1.0,,,,0.9897266626358032,0.24887715280056,0.07750394195318222,0.0020649274811148643,2.0
391,0.0,0.0,,,0.012847009114921093,0.11201024800539017,0.005938057787716389,0.0033984172623604536,4.0
392,,,0.0,0.0,0.007015137001872063,0.26385894417762756,0.01991230435669422,0.002246021991595626,4.0
393,0.0,0.0,,,0.016404420137405396,0.14597338438034058,0.036673225462436676,0.010184925980865955,2.0
394,1.0,1.0,1.0,1.0,0.9986291527748108,0.9965945482254028,0.6166536211967468,0.8760949969291687,1.0
395,0.0,0.0,,,0.010341828688979149,0.08019764721393585,0.03671356663107872,0.03245984762907028,1.0
396,0.0,0.0,,,0.011977189220488071,0.10417959094047546,0.004030787851661444,0.0009438804117962718,0.0
397,0.0,0.0,,,0.012434238567948341,0.12207666039466858,0.010481336154043674,0.0020784419029951096,4.0
398,0.0,0.0,,,0.0052436282858252525,0.165094256401062,0.008784634992480278,0.0008756236638873816,2.0
399,0.0,0.0,,,0.023666823282837868,0.2851082384586334,0.024196475744247437,0.0009619697229936719,2.0
400,0.0,0.0,,,0.009322159923613071,0.15435031056404114,0.0028265672735869884,0.006398051977157593,3.0
401,,,0.0,0.0,0.012506496161222458,0.07609808444976807,0.01682363823056221,0.0021474454551935196,4.0
402,0.0,0.0,0.0,,0.029690396040678024,0.1925218403339386,0.0017336612800136209,0.0016695796512067318,3.0
403,0.0,0.0,0.0,,0.0641147792339325,0.7929859161376953,0.0017083140555769205,0.0022919008042663336,3.0
404,1.0,1.0,1.0,0.0,0.9986857771873474,0.9893936514854431,0.903655469417572,0.9974416494369507,0.0
405,1.0,1.0,1.0,1.0,0.9983675479888916,0.9966142773628235,0.8541301488876343,0.9684553146362305,0.0
406,0.0,0.0,0.0,0.0,0.015150025486946106,0.18147894740104675,0.010737134143710136,0.0018723557004705071,4.0
407,,,0.0,0.0,0.040704600512981415,0.20305533707141876,0.00843862071633339,0.0010305061005055904,2.0
408,0.0,0.0,,,0.013247482478618622,0.15618440508842468,0.008782378397881985,0.0024310690350830555,2.0
409,0.0,0.0,,,0.025831308215856552,0.3607439696788788,0.00625289510935545,0.0020831574220210314,1.0
410,,,1.0,,0.9969654083251953,0.9977712631225586,0.5418477654457092,0.9591423869132996,3.0
411,,,0.0,,0.008412612602114677,0.06424131989479065,0.09529197216033936,0.0015774528728798032,1.0
412,0.0,0.0,,,0.010930461809039116,0.08752551674842834,0.007643628865480423,0.003933533560484648,1.0
413,0.0,0.0,,,0.012276271358132362,0.2660175561904907,0.010922090150415897,0.004648584872484207,4.0
414,0.0,0.0,,,0.010316785424947739,0.17065587639808655,0.008343099616467953,0.009355658665299416,3.0
415,0.0,0.0,,,0.012391568161547184,0.10636135190725327,0.0013914646115154028,0.0019159420626237988,3.0
416,0.0,0.0,,,0.009340863674879074,0.08122672885656357,0.006042136810719967,0.0010942553635686636,2.0
417,0.0,0.0,,,0.010933032259345055,0.1463099718093872,0.005985940806567669,0.00896245613694191,2.0
418,0.0,0.0,,,0.013132399879395962,0.37490105628967285,0.013893205672502518,0.008022109977900982,4.0
419,1.0,,,,0.9978001713752747,0.9986961483955383,0.9466795921325684,0.9466899037361145,3.0
420,1.0,1.0,,,0.6665741205215454,0.6682033538818359,0.008804954588413239,0.0050193434581160545,0.0
421,0.0,0.0,,,0.012727594003081322,0.14149923622608185,0.0032709946390241385,0.0019613681361079216,3.0
422,0.0,0.0,,,0.013120846822857857,0.07891055941581726,0.04524794965982437,0.002112694550305605,1.0
423,1.0,1.0,,,0.9807665348052979,0.9881629347801208,0.005145119037479162,0.002071066526696086,0.0
424,0.0,0.0,,,0.011056527495384216,0.07512969523668289,0.02607305347919464,0.0016190106980502605,0.0
425,1.0,1.0,0.0,,0.9639098644256592,0.917510986328125,0.0030187591910362244,0.0030792169272899628,0.0
426,0.0,0.0,0.0,,0.007824833504855633,0.0733947902917862,0.005323547404259443,0.0032868697308003902,1.0
427,0.0,0.0,,,0.014584296382963657,0.12887755036354065,0.007987823337316513,0.003928665537387133,4.0
428,1.0,1.0,,,0.9935954809188843,0.9891723394393921,0.022182125598192215,0.002001534216105938,0.0
429,0.0,0.0,,,0.04065386950969696,0.22332461178302765,0.02164708822965622,0.0009550630347803235,2.0
430,0.0,0.0,,,0.01344594731926918,0.13323107361793518,0.00854935310781002,0.0008365090470761061,2.0
431,0.0,0.0,,,0.010018812492489815,0.1573151797056198,0.015179130248725414,0.0008282380877062678,2.0
432,1.0,1.0,,,0.9821746349334717,0.9330458641052246,0.012672622688114643,0.0030032272916287184,1.0
433,0.0,0.0,,,0.005255879834294319,0.09311551600694656,0.009023100137710571,0.0009552343399263918,2.0
434,0.0,1.0,0.0,,0.2933518886566162,0.9445207118988037,0.04391862824559212,0.005375123117119074,1.0
435,,,1.0,,0.9916421175003052,0.9834258556365967,0.8893163204193115,0.9044816493988037,4.0
436,,,0.0,,0.008660897612571716,0.06218884140253067,0.026403842493891716,0.0031060047913342714,1.0
437,0.0,,0.0,,0.9788340926170349,0.8888465166091919,0.002038524718955159,0.0037383700255304575,3.0
438,0.0,0.0,,,0.05124839395284653,0.17002388834953308,0.0018523705657571554,0.0028908587992191315,3.0
439,1.0,1.0,1.0,1.0,0.9977090954780579,0.9930048584938049,0.7228198647499084,0.9575918912887573,2.0
440,0.0,0.0,,,0.08100451529026031,0.21614740788936615,0.02658376656472683,0.001375047955662012,2.0
441,0.0,0.0,,,0.011369425803422928,0.18762421607971191,0.0032396239694207907,0.0013632788322865963,3.0
442,0.0,0.0,,,0.009502961300313473,0.17300927639007568,0.03576105460524559,0.00392148969694972,3.0
443,0.0,0.0,,,0.011449860408902168,0.05749943479895592,0.08407752960920334,0.0008618445717729628,0.0
444,0.0,0.0,,,0.015433643013238907,0.0813930481672287,0.015311114490032196,0.0015996132278814912,1.0
445,0.0,0.0,,,0.011643781326711178,0.2321038693189621,0.007283148821443319,0.0006532488623633981,2.0
446,0.0,0.0,,,0.034386225044727325,0.2492217868566513,0.0626225695014,0.0014695347053930163,0.0
447,1.0,1.0,,,0.9925298690795898,0.9820038080215454,0.04429607465863228,0.015567542985081673,3.0
448,0.0,0.0,,,0.011309221386909485,0.10142797976732254,0.006867895368486643,0.008147329092025757,2.0
449,1.0,0.0,,,0.026245322078466415,0.11463595181703568,0.006579624023288488,0.004408084787428379,1.0
450,1.0,1.0,,,0.9939928650856018,0.8778840899467468,0.014903451316058636,0.0032233078964054585,0.0
451,0.0,0.0,,,0.01571652851998806,0.02873333729803562,0.004850464873015881,0.0015307245776057243,0.0
452,0.0,0.0,,,0.05300768092274666,0.09078256785869598,0.0021464689634740353,0.0018238503253087401,3.0
453,0.0,0.0,,,0.008924238383769989,0.08145947754383087,0.019447294995188713,0.0025831246748566628,1.0
454,0.0,0.0,,,0.01316220872104168,0.1338425725698471,0.06015554815530777,0.034934356808662415,4.0
455,0.0,0.0,,,0.01054910384118557,0.10218535363674164,0.00505824526771903,0.024482721462845802,4.0
456,0.0,0.0,,,0.008165329694747925,0.06213182955980301,0.012379174120724201,0.0015650545246899128,1.0
457,0.0,0.0,,,0.008282755501568317,0.06119970232248306,0.010007180273532867,0.0034769955091178417,1.0
458,0.0,0.0,,,0.018666397780179977,0.09746479243040085,0.0064954329282045364,0.001645827665925026,4.0
459,0.0,0.0,,,0.010910920798778534,0.19556297361850739,0.004980779718607664,0.0012182533973827958,4.0
460,0.0,0.0,,,0.03357893228530884,0.13483840227127075,0.016587823629379272,0.003920585848391056,4.0
461,1.0,1.0,,,0.9705345034599304,0.9708008170127869,0.012368222698569298,0.05418306961655617,4.0
462,0.0,0.0,,,0.013565977104008198,0.17309513688087463,0.03637091442942619,0.0029624796006828547,2.0
463,0.0,0.0,,,0.02326669916510582,0.09945080429315567,0.07232224196195602,0.003355893772095442,3.0
464,0.0,0.0,,,0.0063703530468046665,0.04952006787061691,0.0063921366818249226,0.002430759370326996,1.0
465,1.0,1.0,0.0,0.0,0.9982370734214783,0.8080362677574158,0.014820600859820843,0.016820110380649567,0.0
466,,,1.0,,0.9898378849029541,0.9753326773643494,0.8259168267250061,0.9395564794540405,4.0
467,,,0.0,,0.006210242863744497,0.0986076146364212,0.013699139468371868,0.0009170917328447104,2.0
468,0.0,0.0,,,0.02523661032319069,0.16434358060359955,0.024305840954184532,0.0016966154798865318,0.0
469,0.0,0.0,,,0.010933345183730125,0.20926091074943542,0.004330073017627001,0.001976562663912773,3.0
470,0.0,0.0,,,0.02114403247833252,0.10809403657913208,0.014999210834503174,0.0009086921345442533,0.0
471,0.0,0.0,,,0.006542358547449112,0.055685196071863174,0.02247965894639492,0.05122830718755722,4.0
472,1.0,1.0,1.0,1.0,0.9980515837669373,0.997245728969574,0.5492932796478271,0.9708913564682007,3.0
473,0.0,,0.0,,0.008848329074680805,0.04698272794485092,0.007073414046317339,0.001529939821921289,1.0
474,1.0,,0.0,,0.9988235235214233,0.9932416081428528,0.7396897673606873,0.9784730672836304,4.0
475,0.0,0.0,,,0.01525470893830061,0.2509540021419525,0.011442075483500957,0.002467686077579856,4.0
476,0.0,0.0,,,0.0172431617975235,0.09579915553331375,0.01863483525812626,0.0037338791880756617,4.0
477,1.0,1.0,,,0.9762465357780457,0.9646314978599548,0.32855480909347534,0.15905454754829407,0.0
478,0.0,0.0,,,0.010217521339654922,0.049293506890535355,0.004036733414977789,0.0008313641301356256,0.0
479,0.0,,0.0,,0.010452359914779663,0.07197418808937073,0.0033107728231698275,0.001466988818719983,1.0
480,0.0,0.0,,,0.011971186846494675,0.10104165226221085,0.005238892510533333,0.0023724776692688465,1.0
481,0.0,0.0,,,0.029227206483483315,0.16194143891334534,0.008621037006378174,0.003999031148850918,0.0
482,0.0,0.0,,,0.009336870163679123,0.04711475595831871,0.008244287222623825,0.0016401417087763548,0.0
483,0.0,0.0,,,0.012684482149779797,0.051431089639663696,0.006915846839547157,0.0007919203490018845,0.0
484,0.0,0.0,,,0.029796062037348747,0.1680608093738556,0.009976398199796677,0.0049714818596839905,4.0
485,1.0,,,,0.9046189188957214,0.9545174837112427,0.009080811403691769,0.007123748771846294,1.0
486,0.0,0.0,,,0.00757368141785264,0.0626855418086052,0.0166892409324646,0.0019097981275990605,1.0
487,0.0,0.0,,,0.020726289600133896,0.14984218776226044,0.04376661032438278,0.003902757540345192,2.0
488,0.0,0.0,,,0.01305651105940342,0.16483448445796967,0.006159578450024128,0.00556179229170084,3.0
489,0.0,0.0,,,0.8501861691474915,0.9224848747253418,0.09872303903102875,0.013230771757662296,4.0
490,0.0,0.0,,,0.019807858392596245,0.18042662739753723,0.020907264202833176,0.008931353688240051,2.0
491,0.0,0.0,,,0.021425489336252213,0.24189189076423645,0.007715786341577768,0.005349763203412294,4.0
492,1.0,1.0,,,0.997490644454956,0.9963007569313049,0.8689625859260559,0.9847142100334167,4.0
493,,,0.0,,0.09913420677185059,0.7413201332092285,0.0013953257584944367,0.0026770143304020166,3.0
494,,,0.0,,0.005355918779969215,0.14259853959083557,0.005802597384899855,0.0008772551082074642,2.0
495,0.0,1.0,0.0,,0.008652009069919586,0.11194393038749695,0.005549650639295578,0.0010592478793114424,0.0
496,1.0,,1.0,,0.9757663011550903,0.9956868290901184,0.26007071137428284,0.020832719281315804,3.0
497,0.0,0.0,0.0,0.0,0.008768399246037006,0.0709558054804802,0.09302322566509247,0.0021094633266329765,1.0
498,1.0,1.0,,,0.9964879751205444,0.9893510341644287,0.8492723107337952,0.9693896174430847,4.0
499,0.0,0.0,,,0.012230148538947105,0.1918281614780426,0.005190503317862749,0.0019620517268776894,0.0
500,0.0,0.0,,,0.011579972691833973,0.07878198474645615,0.007529051508754492,0.0013521927176043391,1.0
501,1.0,0.0,,,0.4966459572315216,0.7572655081748962,0.011548631824553013,0.0037272085901349783,2.0
502,0.0,0.0,,,0.027632536366581917,0.1257643848657608,0.010777832940220833,0.0016935335006564856,4.0
503,0.0,0.0,,,0.010065186768770218,0.1404310166835785,0.0015686970436945558,0.0014060668181627989,3.0
504,0.0,0.0,,,0.012057929299771786,0.12439816445112228,0.009609956294298172,0.0016769100911915302,4.0
505,0.0,0.0,,,0.023419467732310295,0.18129241466522217,0.005650531966239214,0.0031282652635127306,4.0
506,0.0,0.0,,,0.017189040780067444,0.10343138873577118,0.008163070306181908,0.002542614471167326,0.0
507,0.0,0.0,,,0.01285432931035757,0.11661988496780396,0.012949617579579353,0.003122835885733366,0.0
508,1.0,1.0,,,0.8805562257766724,0.879104733467102,0.1950686126947403,0.017858127132058144,4.0
509,0.0,0.0,,,0.01174723356962204,0.14097176492214203,0.005446418654173613,0.002240096451714635,3.0
510,0.0,0.0,,,0.00858472939580679,0.26570552587509155,0.007262824103236198,0.004202148411422968,4.0
511,,,0.0,0.0,0.018094582483172417,0.12309905886650085,0.003991423174738884,0.0017755960579961538,3.0
512,0.0,0.0,,,0.012098591774702072,0.12554240226745605,0.005333698820322752,0.002419892465695739,3.0
513,1.0,1.0,,,0.9543765783309937,0.9255530834197998,0.021350856870412827,0.002231587888672948,1.0
514,0.0,0.0,,,0.0065415468998253345,0.30951184034347534,0.006267777178436518,0.0006450794753618538,2.0
515,0.0,0.0,,,0.01691541075706482,0.04887695237994194,0.008167510852217674,0.0033271878492087126,1.0
516,1.0,1.0,,,0.961637556552887,0.9188513159751892,0.006710916291922331,0.003029830986633897,1.0
517,0.0,0.0,,,0.007868681102991104,0.3212299942970276,0.008742149919271469,0.0035066755954176188,2.0
518,1.0,1.0,,,0.9885103702545166,0.975462019443512,0.2802366316318512,0.03888809680938721,3.0
519,0.0,1.0,,,0.03296201303601265,0.17137522995471954,0.0384410060942173,0.0016511374851688743,1.0
520,1.0,1.0,,,0.9439696073532104,0.9543005228042603,0.025704452767968178,0.012290459126234055,4.0
521,0.0,0.0,,,0.014415646903216839,0.08422835916280746,0.009731141850352287,0.0014435146003961563,1.0
522,0.0,0.0,,,0.009798153303563595,0.18233974277973175,0.02637479454278946,0.0027433964423835278,1.0
523,0.0,0.0,,,0.0051448834128677845,0.10013976693153381,0.004903221502900124,0.000896654964890331,2.0
524,0.0,0.0,,,0.028787478804588318,0.06662258505821228,0.005303775891661644,0.0018337354995310307,4.0
525,0.0,0.0,,,0.011601422913372517,0.07162308692932129,0.019002264365553856,0.0018906199838966131,1.0
526,0.0,0.0,,,0.0054251342080533504,0.1388109028339386,0.0255652517080307,0.0017643568571656942,2.0
527,0.0,0.0,,,0.01867721974849701,0.1999654769897461,0.007106856442987919,0.0021124323830008507,2.0
528,0.0,0.0,,,0.012601019814610481,0.09637115895748138,0.05193275958299637,0.002180063398554921,2.0
529,0.0,0.0,,,0.009611193090677261,0.06937575340270996,0.02355824038386345,0.00147028430365026,1.0
530,0.0,0.0,,,0.007894866168498993,0.11447172611951828,0.004946241620928049,0.0021170061081647873,3.0
531,0.0,0.0,,,0.015252597630023956,0.12714213132858276,0.011873722076416016,0.0007545521948486567,0.0
532,0.0,0.0,,,0.012566935271024704,0.1290210634469986,0.007564285770058632,0.0008576807449571788,0.0
533,0.0,0.0,,,0.009874175302684307,0.17494677007198334,0.005158284679055214,0.002995006972923875,3.0
534,0.0,0.0,,,0.009524603374302387,0.07145103067159653,0.007253894582390785,0.004332680720835924,3.0
535,0.0,0.0,,,0.009878362528979778,0.14738623797893524,0.009466123767197132,0.0013895126758143306,1.0
536,1.0,1.0,,,0.993511974811554,0.9819972515106201,0.4585671126842499,0.01523906271904707,1.0
537,0.0,0.0,,,0.016702964901924133,0.20760023593902588,0.00651557557284832,0.0047362195327878,3.0
538,1.0,1.0,,,0.9776844382286072,0.9659255743026733,0.002175247762352228,0.007713065017014742,3.0
539,0.0,0.0,,,0.011893118731677532,0.2209196835756302,0.001785039552487433,0.0015075394185259938,3.0
540,0.0,0.0,,,0.012105758301913738,0.1061205267906189,0.0052521713078022,0.021713245660066605,4.0
541,0.0,0.0,,,0.01157373283058405,0.040826864540576935,0.03931761905550957,0.004010180942714214,0.0
542,1.0,1.0,,,0.9983512163162231,0.9919988512992859,0.8813790082931519,0.9743618369102478,2.0
543,1.0,1.0,,,0.9881263971328735,0.9747849702835083,0.00551228504627943,0.0021132866386324167,2.0
544,0.0,0.0,,,0.008608685806393623,0.26816126704216003,0.006035933271050453,0.0008108887122943997,0.0
545,0.0,0.0,,,0.008501245640218258,0.07008016109466553,0.01146630384027958,0.001544050988741219,1.0
546,,,1.0,,0.9796812534332275,0.9570066332817078,0.8643607497215271,0.9272651672363281,4.0
547,0.0,0.0,,,0.014462447725236416,0.1169796884059906,0.00975893996655941,0.04225943982601166,2.0
548,0.0,0.0,,,0.008951116353273392,0.11706183850765228,0.004031758289784193,0.0019909385591745377,3.0
549,0.0,0.0,,,0.01030723936855793,0.1667863130569458,0.0066664693877100945,0.0018860901473090053,3.0
550,1.0,1.0,1.0,1.0,0.998130202293396,0.9970188140869141,0.8304572701454163,0.9471981525421143,3.0
551,0.0,0.0,0.0,,0.022071875631809235,0.07945863902568817,0.04743730276823044,0.001522814971394837,0.0
552,1.0,1.0,1.0,,0.9864612221717834,0.9590627551078796,0.9677837491035461,0.9261449575424194,0.0
553,0.0,0.0,,,0.022146321833133698,0.10543696582317352,0.011165409348905087,0.0018272242741659284,4.0
554,0.0,0.0,,,0.013127266429364681,0.11633472144603729,0.008236391469836235,0.001142153050750494,2.0
555,0.0,0.0,,,0.030135687440633774,0.16003987193107605,0.005056322086602449,0.0013086132239550352,4.0
556,0.0,0.0,,,0.007815368473529816,0.08965925872325897,0.011305969208478928,0.003818945260718465,4.0
557,1.0,1.0,0.0,0.0,0.9409390687942505,0.1410863697528839,0.01421460509300232,0.02738199755549431,2.0
558,1.0,1.0,1.0,1.0,0.9783675670623779,0.9594647288322449,0.7729276418685913,0.9012645483016968,0.0
559,0.0,0.0,,,0.0056577883660793304,0.08017438650131226,0.013106568716466427,0.003261598525568843,2.0
560,0.0,0.0,,,0.01379936933517456,0.12341141700744629,0.05759767070412636,0.0037644270341843367,4.0
561,0.0,0.0,,,0.00830748025327921,0.0433308482170105,0.0051963976584374905,0.03601580485701561,4.0
562,0.0,0.0,,,0.013076375238597393,0.1895882487297058,0.009750218130648136,0.002581310924142599,4.0
563,0.0,0.0,,,0.00809903722256422,0.13827067613601685,0.0074955737218260765,0.006863963790237904,4.0
564,0.0,0.0,,,0.010924696922302246,0.15668216347694397,0.00681338831782341,0.0019560151267796755,4.0
565,0.0,0.0,,,0.01214231364428997,0.08762173354625702,0.012532450258731842,0.0035589260514825583,4.0
566,0.0,0.0,,,0.00819176435470581,0.08692199736833572,0.01379891112446785,0.006231724750250578,4.0
567,0.0,0.0,,,0.007399990223348141,0.08266790211200714,0.2434546947479248,0.0052514104172587395,0.0
568,0.0,0.0,,,0.010570121929049492,0.18762502074241638,0.002675290685147047,0.002646154258400202,3.0
569,0.0,0.0,,,0.007773908786475658,0.09213575720787048,0.012567220255732536,0.0017764203948900104,1.0
570,1.0,1.0,,,0.9441390037536621,0.8776874542236328,0.010042089968919754,0.009147103875875473,0.0
571,0.0,0.0,,,0.01911918818950653,0.07932867109775543,0.014200209639966488,0.003614957444369793,0.0
572,0.0,0.0,,,0.006513030268251896,0.059313200414180756,0.00386161170899868,0.0010533456224948168,1.0
573,0.0,0.0,,,0.014065167866647243,0.0797257125377655,0.006773903965950012,0.00624718377366662,4.0
574,0.0,0.0,,,0.005808283109217882,0.17940062284469604,0.007910910062491894,0.010083642788231373,4.0
575,0.0,0.0,,,0.008382503874599934,0.19538794457912445,0.010455140843987465,0.001806231215596199,2.0
576,0.0,0.0,,,0.008139329962432384,0.05333229899406433,0.0050287689082324505,0.0024720802903175354,0.0
577,,,0.0,0.0,0.005671578459441662,0.18614241480827332,0.02056068740785122,0.002241196110844612,4.0
578,,,0.0,0.0,0.010598720982670784,0.23735424876213074,0.008808177895843983,0.0008723482606001198,2.0
579,0.0,0.0,,,0.013747717253863811,0.13944454491138458,0.013653388246893883,0.002320909174159169,0.0
580,0.0,0.0,,,0.047114983201026917,0.08291485905647278,0.003548504551872611,0.0009717345819808543,1.0
581,0.0,0.0,,,0.010015822015702724,0.13984714448451996,0.001276838593184948,0.0035051365848630667,3.0
582,0.0,1.0,,,0.8038142323493958,0.8553041219711304,0.0018152276752516627,0.003750328905880451,3.0
583,0.0,1.0,,,0.028950249776244164,0.14703848958015442,0.005355039145797491,0.004692371468991041,1.0
584,0.0,0.0,,,0.00887983851134777,0.06081896275281906,0.004117186181247234,0.0010087869595736265,0.0
585,0.0,0.0,,,0.010032490827143192,0.11417930573225021,0.008839871734380722,0.004448629915714264,3.0
586,,,0.0,0.0,0.009336097165942192,0.15078376233577728,0.023882638663053513,0.000855105696246028,0.0
587,1.0,1.0,,,0.9382737278938293,0.9167197346687317,0.006848122924566269,0.0036785160191357136,2.0
588,0.0,0.0,,,0.01153438352048397,0.12010857462882996,0.027944503352046013,0.002741223433986306,3.0
589,1.0,1.0,,,0.9974603652954102,0.9856098294258118,0.008731188252568245,0.004420769866555929,1.0
590,0.0,0.0,,,0.008996537886559963,0.21456852555274963,0.0579671785235405,0.002544389571994543,3.0
591,0.0,0.0,,,0.011939773336052895,0.17834576964378357,0.012111200019717216,0.0018733721226453781,1.0
592,0.0,0.0,,,0.00681435689330101,0.15848733484745026,0.02840331755578518,0.002773486776277423,4.0
593,0.0,0.0,,,0.0064709861762821674,0.1060098260641098,0.006483965087682009,0.002012127311900258,3.0
594,0.0,0.0,,,0.027524033561348915,0.21056002378463745,0.0012295735068619251,0.002357963938266039,3.0
595,0.0,0.0,,,0.009621292352676392,0.06826432049274445,0.0077596260234713554,0.0024150549434125423,2.0
596,0.0,0.0,,,0.015867672860622406,0.06850997358560562,0.0057324497029185295,0.0025261675473302603,0.0
597,0.0,0.0,,,0.010558034293353558,0.09045382589101791,0.3653489947319031,0.004438131581991911,0.0
598,0.0,0.0,,,0.015717551112174988,0.14480529725551605,0.0020625300239771605,0.001961835427209735,3.0
599,0.0,0.0,0.0,0.0,0.013283448293805122,0.09326741099357605,0.036252498626708984,0.004497112240642309,2.0
600,1.0,,0.0,,0.4101836085319519,0.7945452928543091,0.08201649785041809,0.011118373833596706,4.0
601,0.0,0.0,,,0.008319814689457417,0.16238127648830414,0.009624062106013298,0.0027867339085787535,1.0
602,1.0,1.0,,,0.9247490167617798,0.6612086892127991,0.19821135699748993,0.05859110504388809,0.0
603,0.0,0.0,,,0.006714454852044582,0.08848366141319275,0.01182908471673727,0.002042102627456188,1.0
604,0.0,0.0,0.0,0.0,0.01853334531188011,0.1585244983434677,0.08967316150665283,0.004755785223096609,3.0
605,1.0,1.0,,,0.9669966101646423,0.9236130714416504,0.01649301126599312,0.0033508609049022198,1.0
606,0.0,0.0,,,0.011454375460743904,0.1405637562274933,0.0035554757341742516,0.0016272165812551975,3.0
607,0.0,0.0,,,0.014542103745043278,0.15326263010501862,0.01611587032675743,0.0020226556807756424,3.0
608,0.0,0.0,,,0.010033315978944302,0.16670694947242737,0.021841326728463173,0.015355757437646389,2.0
609,0.0,0.0,,,0.008471122942864895,0.0787467211484909,0.0054058716632425785,0.0019562409725040197,1.0
610,,,0.0,0.0,0.010649070143699646,0.31007447838783264,0.003069085069000721,0.002396043622866273,3.0
611,0.0,0.0,,,0.008163274265825748,0.21795371174812317,0.01277702022343874,0.0018885310273617506,1.0
612,0.0,0.0,,,0.7321000099182129,0.8120825886726379,0.11371592432260513,0.010582766495645046,4.0
613,0.0,0.0,,,0.006747497245669365,0.04777652770280838,0.038077909499406815,0.0022614640183746815,1.0
614,0.0,0.0,,,0.01097430381923914,0.03880717232823372,0.0071604629047214985,0.025355050340294838,4.0
615,0.0,0.0,,,0.01069001667201519,0.17299121618270874,0.0034577648621052504,0.0015618863981217146,3.0
616,0.0,0.0,,,0.006358241196721792,0.0578693225979805,0.026204315945506096,0.0017498279921710491,1.0
617,0.0,0.0,,,0.007053858134895563,0.10092000663280487,0.021287541836500168,0.05629062280058861,2.0
618,0.0,0.0,,,0.010097593069076538,0.0636463463306427,0.006125546991825104,0.002457955852150917,0.0
619,1.0,0.0,,,0.5731019973754883,0.590674638748169,0.39966824650764465,0.12399494647979736,3.0
620,0.0,0.0,,,0.014238926582038403,0.21167898178100586,0.014928264543414116,0.058899179100990295,2.0
621,0.0,0.0,,,0.011696210131049156,0.061554040759801865,0.020516950637102127,0.004044061526656151,0.0
622,0.0,0.0,,,0.009740348905324936,0.11152911186218262,0.0015258218627423048,0.001609030645340681,3.0
623,1.0,1.0,1.0,1.0,0.9863433241844177,0.9521748423576355,0.42734262347221375,0.006667963694781065,2.0
624,0.0,0.0,,,0.010961025021970272,0.2525930106639862,0.006805384065955877,0.002324539702385664,2.0
625,0.0,1.0,,,0.6944766044616699,0.9599598050117493,0.48514610528945923,0.029485952109098434,3.0
626,0.0,0.0,,,0.011190658435225487,0.07963607460260391,0.11733898520469666,0.0011794869787991047,0.0
627,0.0,0.0,,,0.008193517103791237,0.1375187784433365,0.0034661157988011837,0.0020950965117663145,3.0
628,0.0,0.0,,,0.011855067685246468,0.16733786463737488,0.005674643907696009,0.0011637589195743203,0.0
629,0.0,0.0,,,0.0080019636079669,0.05212594196200371,0.014092110097408295,0.002896442310884595,1.0
630,0.0,0.0,,,0.023418907076120377,0.11163262277841568,0.007145327981561422,0.003889688989147544,2.0
631,0.0,0.0,,,0.00922301784157753,0.11161280423402786,0.0020516219083219767,0.002055772813037038,3.0
632,0.0,0.0,,,0.005737978033721447,0.050237733870744705,0.02376120164990425,0.001527609652839601,1.0
633,0.0,0.0,,,0.006531761959195137,0.1284041851758957,0.013256027363240719,0.009185105562210083,2.0
634,1.0,1.0,,,0.9509369730949402,0.9761662483215332,0.012888001278042793,0.003063870593905449,0.0
635,0.0,0.0,,,0.8171988725662231,0.652978777885437,0.002022586530074477,0.0034716175869107246,3.0
636,1.0,1.0,,,0.9723001718521118,0.9419663548469543,0.004424543119966984,0.002411607187241316,0.0
637,0.0,0.0,,,0.013050143606960773,0.06333503127098083,0.004267808049917221,0.0008284829091280699,0.0
638,0.0,0.0,,,0.006361018400639296,0.13387350738048553,0.01627720706164837,0.0009424860472790897,2.0
639,1.0,,,,0.9984820485115051,0.9985724091529846,0.5389147400856018,0.9386855363845825,3.0
640,0.0,0.0,,,0.009656734764575958,0.0927058532834053,0.012673858553171158,0.0013029292458668351,1.0
641,1.0,1.0,,,0.9299435615539551,0.969983696937561,0.009433198720216751,0.006617158651351929,2.0
642,0.0,0.0,,,0.012674585916101933,0.08893582969903946,0.03357226029038429,0.005165496375411749,4.0
643,0.0,0.0,,,0.006118291988968849,0.07862460613250732,0.04662178456783295,0.01943681761622429,2.0
644,0.0,0.0,,,0.01144222542643547,0.22447951138019562,0.03765491396188736,0.0018848568433895707,1.0
645,1.0,,,,0.9943783283233643,0.9956052899360657,0.5540991425514221,0.970915675163269,1.0
646,0.0,0.0,,,0.01575695537030697,0.1007935106754303,0.005576463881880045,0.005010709632188082,4.0
647,,,0.0,0.0,0.009077698923647404,0.4947351813316345,0.0064472234807908535,0.0032576608937233686,4.0
648,0.0,0.0,,,0.03225545957684517,0.2679157555103302,0.006205073092132807,0.000570448930375278,4.0
649,1.0,,0.0,,0.999160647392273,0.9967357516288757,0.8239749073982239,0.9756232500076294,4.0
650,0.0,0.0,,,0.00821091327816248,0.23890776932239532,0.012002464383840561,0.0024257120676338673,4.0
651,0.0,0.0,,,0.01792912930250168,0.1745106726884842,0.05890972539782524,0.002646074164658785,2.0
652,0.0,0.0,0.0,0.0,0.010122951120138168,0.13696959614753723,0.0016789133660495281,0.0015496847918257117,3.0
653,0.0,0.0,,,0.02292434498667717,0.10172803699970245,0.004217722453176975,0.007757754530757666,3.0
654,0.0,1.0,,,0.009366068989038467,0.15250548720359802,0.006134943105280399,0.014464695006608963,3.0
655,0.0,0.0,,,0.010101422667503357,0.07093167304992676,0.0052695791237056255,0.02289755828678608,4.0
656,0.0,0.0,,,0.03535238280892372,0.1397222876548767,0.006196742411702871,0.000715826521627605,0.0
657,0.0,0.0,,,0.011373481713235378,0.14588692784309387,0.0046152169816195965,0.004515608306974173,4.0
658,0.0,0.0,,,0.005582759156823158,0.07388497143983841,0.005265500862151384,0.0006696112104691565,2.0
659,0.0,0.0,,,0.09821965545415878,0.4055855870246887,0.006133892107754946,0.0010141546372324228,0.0
660,0.0,0.0,,,0.0063866786658763885,0.12664473056793213,0.009625943377614021,0.012422599829733372,2.0
661,0.0,0.0,,,0.006428894121199846,0.29987043142318726,0.006091699935495853,0.0007551317103207111,4.0
662,0.0,0.0,,,0.01085147075355053,0.16244462132453918,0.0016981159569695592,0.0021405138541013002,3.0
663,1.0,1.0,,,0.9958871006965637,0.9741619825363159,0.006852403748780489,0.003813706338405609,4.0
664,0.0,0.0,,,0.015058014541864395,0.11745551228523254,0.009434053674340248,0.023924609646201134,2.0
665,0.0,0.0,0.0,0.0,0.008519439958035946,0.09093640744686127,0.016549620777368546,0.0022058943286538124,0.0
666,,,1.0,,0.9509302973747253,0.9312053918838501,0.9384285807609558,0.8620417714118958,2.0
667,,,0.0,,0.010189968161284924,0.30056852102279663,0.003206431632861495,0.001540781813673675,3.0
668,1.0,1.0,1.0,,0.8274315595626831,0.9664673209190369,0.9949212670326233,0.9393212795257568,3.0
669,1.0,1.0,1.0,,0.9488431215286255,0.9536983966827393,0.870915412902832,0.8079023957252502,2.0
670,0.0,0.0,,,0.012100011110305786,0.062251120805740356,0.020725632086396217,0.0011979438131675124,0.0
671,0.0,0.0,,,0.04840277135372162,0.17972010374069214,0.00786435604095459,0.003810431342571974,2.0
672,0.0,0.0,,,0.00613817386329174,0.07169448584318161,0.012170201167464256,0.004598760046064854,1.0
673,0.0,0.0,,,0.007924308069050312,0.24231013655662537,0.016606610268354416,0.006731540895998478,4.0
674,1.0,1.0,,,0.9900230765342712,0.978420615196228,0.020102400332689285,0.0022609764710068703,0.0
675,0.0,0.0,,,0.01076231338083744,0.09323891997337341,0.04121909663081169,0.030734606087207794,4.0
676,0.0,0.0,,,0.012661168351769447,0.05705884099006653,0.003544517792761326,0.000604169734288007,0.0
677,0.0,0.0,,,0.00983184389770031,0.16695551574230194,0.002154349582269788,0.004475748166441917,3.0
678,0.0,0.0,,,0.004411947913467884,0.11707855761051178,0.03661702573299408,0.0008207258069887757,2.0
679,0.0,0.0,,,0.007865107618272305,0.05245909094810486,0.025647679343819618,0.011446796357631683,1.0
680,0.0,0.0,,,0.007583042606711388,0.09185175597667694,0.0012550343526527286,0.002531646518036723,3.0
681,1.0,,1.0,,0.9886794090270996,0.9783631563186646,0.1902284026145935,0.012568472884595394,4.0
682,0.0,0.0,,,0.010804276913404465,0.14067673683166504,0.0037388764321804047,0.0015860366402193904,0.0
683,0.0,0.0,,,0.012843438424170017,0.13852956891059875,0.005641631782054901,0.0011248629307374358,0.0
684,0.0,1.0,,,0.01773163489997387,0.10509400814771652,0.013727113604545593,0.0033600619062781334,4.0
685,0.0,0.0,,,0.01032991986721754,0.30068013072013855,0.045282937586307526,0.0023832472506910563,3.0
686,0.0,0.0,,,0.012214692309498787,0.2160453498363495,0.009131642989814281,0.004235507920384407,4.0
687,0.0,0.0,,,0.017259672284126282,0.08595017343759537,0.01585310883820057,0.0026112368796020746,1.0
688,1.0,1.0,,,0.9685933589935303,0.8945793509483337,0.015178848057985306,0.005948132835328579,1.0
689,,,0.0,0.0,0.009552213363349438,0.296780526638031,0.007079686038196087,0.0010269320337101817,0.0
690,0.0,0.0,,,0.0154879130423069,0.0887821689248085,0.004573230165988207,0.0019314091186970472,4.0
691,1.0,1.0,,,0.9766901135444641,0.9632642865180969,0.015768764540553093,0.005136509891599417,1.0
692,0.0,0.0,,,0.01091046817600727,0.15789300203323364,0.009005708619952202,0.0010771001689136028,0.0
693,0.0,0.0,,,0.00928516685962677,0.11966464668512344,0.03888387978076935,0.0012189162662252784,2.0
694,1.0,1.0,,,0.9966122508049011,0.9912720322608948,0.006703690625727177,0.009149924851953983,3.0
695,1.0,1.0,0.0,0.0,0.9519732594490051,0.9265640377998352,0.010505864396691322,0.0087149478495121,0.0
696,0.0,0.0,,,0.8372637629508972,0.7978096008300781,0.005274013616144657,0.005118220578879118,3.0
697,1.0,1.0,,,0.8044012188911438,0.3511802554130554,0.011619468219578266,0.002806375501677394,0.0
698,0.0,0.0,,,0.017171457409858704,0.08425280451774597,0.013308465480804443,0.0010994086042046547,2.0
699,,,0.0,,0.014423077926039696,0.2809513509273529,0.015778332948684692,0.00255280127748847,4.0
700,,,1.0,,0.7307645082473755,0.9188892245292664,0.3371446430683136,0.5269916653633118,4.0
701,1.0,0.0,,,0.009311328642070293,0.13812854886054993,0.004675181116908789,0.0026843033265322447,3.0
702,1.0,1.0,,,0.9755208492279053,0.8207850456237793,0.017125366255640984,0.014698398299515247,1.0
703,1.0,1.0,,,0.685867965221405,0.6961819529533386,0.011370904743671417,0.003993932623416185,0.0
704,,,0.0,,0.018829327076673508,0.15035904943943024,0.03954631835222244,0.0017083431594073772,1.0
705,,,1.0,,0.9832968711853027,0.9212899804115295,0.9939067363739014,0.9297972917556763,3.0
706,1.0,1.0,1.0,1.0,0.9971485733985901,0.9889971613883972,0.6108482480049133,0.6388826966285706,2.0
707,1.0,1.0,,,0.36671650409698486,0.5957517623901367,0.007125306874513626,0.00516140554100275,4.0
708,0.0,0.0,,,0.011635541915893555,0.2718009948730469,0.0021160622127354145,0.0023497194051742554,3.0
709,0.0,0.0,,,0.017639776691794395,0.07553137838840485,0.006729454733431339,0.003052263054996729,3.0
710,0.0,0.0,,,0.009082921780645847,0.11517465114593506,0.016789952293038368,0.0013726938050240278,1.0
711,0.0,0.0,,,0.010654945857822895,0.07541977614164352,0.009443302638828754,0.021215377375483513,0.0
712,1.0,1.0,,,0.958040714263916,0.9044364094734192,0.3172752857208252,0.03559722378849983,2.0
713,0.0,0.0,,,0.010498801246285439,0.05726251006126404,0.00559488870203495,0.0015063465107232332,0.0
714,1.0,1.0,,,0.9721097946166992,0.9754358530044556,0.008397483266890049,0.08040372282266617,4.0
715,0.0,0.0,,,0.010798921808600426,0.09370425343513489,0.024924036115407944,0.004893817938864231,0.0
716,0.0,0.0,,,0.008419166319072247,0.09841489046812057,0.09548687189817429,0.0013713836669921875,1.0
717,0.0,0.0,,,0.01010547298938036,0.08175480365753174,0.02033209055662155,0.006219089962542057,0.0
718,0.0,0.0,,,0.012026941403746605,0.06124898046255112,0.007544194348156452,0.002227440243586898,0.0
719,0.0,0.0,,,0.01667165383696556,0.11462558060884476,0.0049921926110982895,0.004669186193495989,4.0
720,0.0,0.0,,,0.012000766582787037,0.08152629435062408,0.003850821638479829,0.0033947036135941744,3.0
721,0.0,0.0,,,0.0136644272133708,0.12054939568042755,0.07249084860086441,0.0012820663396269083,0.0
722,0.0,0.0,,,0.009596791118383408,0.04603864252567291,0.005940721370279789,0.0007224200526252389,0.0
723,1.0,1.0,,,0.959490180015564,0.923035740852356,0.0054665314964950085,0.002085038460791111,2.0
724,0.0,0.0,,,0.012036865577101707,0.0929277092218399,0.006781740579754114,0.001853765337727964,1.0
725,0.0,0.0,,,0.006011641584336758,0.0563865527510643,0.008270533755421638,0.012463731691241264,2.0
726,0.0,0.0,,,0.011080924421548843,0.15848204493522644,0.0011347390245646238,0.002955408999696374,3.0
727,0.0,0.0,0.0,0.0,0.01573731005191803,0.16738677024841309,0.004983747843652964,0.0021127499639987946,3.0
728,1.0,1.0,,,0.9899188876152039,0.9731922745704651,0.010741101577877998,0.002407437190413475,1.0
729,0.0,0.0,,,0.017170391976833344,0.15367907285690308,0.0022877855226397514,0.0016298542032018304,3.0
730,0.0,0.0,,,0.011206205934286118,0.11680261790752411,0.0014139605918899179,0.0019272002391517162,3.0
731,0.0,0.0,,,0.006142427213490009,0.07895874977111816,0.016336124390363693,0.000995259266346693,0.0
732,0.0,0.0,,,0.006219653412699699,0.17367662489414215,0.012578845024108887,0.013037710450589657,2.0
733,1.0,,,,0.9362334609031677,0.9312998056411743,0.04841708391904831,0.010432889685034752,1.0
734,0.0,,,,0.503811776638031,0.5669033527374268,0.03028721734881401,0.007262988016009331,2.0
735,0.0,,,,0.012076279148459435,0.15439525246620178,0.003457811661064625,0.0038457836490124464,3.0
736,,,0.0,0.0,0.0070654950104653835,0.18909558653831482,0.012299527414143085,0.0009188925614580512,2.0
737,1.0,1.0,1.0,,0.9874719381332397,0.9551373720169067,0.9903770089149475,0.8930418491363525,3.0
738,0.0,0.0,0.0,,0.03699567914009094,0.3452546000480652,0.014662257395684719,0.0032811788842082024,3.0
739,1.0,,0.0,,0.9758715629577637,0.927468478679657,0.002091785427182913,0.003960608504712582,3.0
740,0.0,,0.0,,0.010884055867791176,0.23662158846855164,0.0008421338279731572,0.002154730027541518,3.0
741,0.0,0.0,,,0.013576350174844265,0.20809009671211243,0.0026317513547837734,0.0018843741854652762,3.0
742,,,1.0,,0.9965101480484009,0.9927393198013306,0.5524346232414246,0.8368948101997375,1.0
743,,,0.0,0.0,0.007784469518810511,0.17865486443042755,0.00646357424557209,0.0015150972176343203,1.0
744,0.0,0.0,,,0.01507625449448824,0.11327384412288666,0.020197615027427673,0.002775376196950674,4.0
745,1.0,1.0,,,0.9915522933006287,0.9622769355773926,0.0745043233036995,0.011916403658688068,1.0
746,0.0,0.0,,,0.009055424481630325,0.11019757390022278,0.01093581784516573,0.006543424446135759,2.0
747,0.0,0.0,,,0.016799064353108406,0.07478389143943787,0.010123021900653839,0.005239581689238548,4.0
748,0.0,0.0,,,0.0115433968603611,0.33012181520462036,0.025114580988883972,0.003039673902094364,1.0
749,0.0,0.0,,,0.03610817342996597,0.14764872193336487,0.009841697290539742,0.0035906017292290926,2.0
750,0.0,0.0,,,0.0275893434882164,0.22982856631278992,0.004796384833753109,0.001822036225348711,3.0
751,0.0,0.0,,,0.00972370058298111,0.06261266767978668,0.011710847727954388,0.001048138365149498,0.0
752,1.0,,0.0,,0.5771381855010986,0.8689286112785339,0.2825464904308319,0.009750677272677422,2.0
753,0.0,,0.0,,0.8264235258102417,0.8882945775985718,0.15673571825027466,0.019495561718940735,4.0
754,0.0,0.0,,,0.008142651058733463,0.2080041468143463,0.013589156791567802,0.0010475937742739916,2.0
755,0.0,0.0,,,0.009716236963868141,0.20617198944091797,0.005646752659231424,0.0011848985450342298,2.0
756,0.0,0.0,,,0.00896202027797699,0.2128179669380188,0.010568245314061642,0.008709273301064968,2.0
757,0.0,0.0,,,0.019946236163377762,0.042089108377695084,0.017574815079569817,0.0007129797013476491,0.0
758,1.0,,0.0,,0.9975466132164001,0.9954693913459778,0.7975229620933533,0.975847601890564,4.0
759,0.0,,0.0,,0.00893275998532772,0.1810344010591507,0.005271852947771549,0.001233131974004209,1.0
760,1.0,,0.0,,0.37596210837364197,0.966557502746582,0.2353864312171936,0.20511728525161743,0.0
761,0.0,0.0,,,0.019170671701431274,0.08773355931043625,0.01075300108641386,0.0010953587479889393,0.0
762,0.0,0.0,,,0.010268641635775566,0.15958651900291443,0.0069061582908034325,0.0026184669695794582,4.0
763,0.0,0.0,,,0.005958408582955599,0.06026821956038475,0.07253226637840271,0.001315881498157978,1.0
764,0.0,0.0,,,0.0485636368393898,0.09539788961410522,0.019961774349212646,0.0009337053634226322,2.0
