,True_FPV,True_ATV,True_IDV,True_LPV,True_NFV,True_SQV,True_TPV,True_DRV,Pred_Proba_FPV,Pred_Proba_ATV,Pred_Proba_IDV,Pred_Proba_LPV,Pred_Proba_NFV,Pred_Proba_SQV,Pred_Proba_TPV,Pred_Proba_DRV
0,0.0,0.0,0.0,0.0,0.0,0.0,0.0,0.0,0.0,0.0,0.0,0.0,0.02,0.0,0.0,0.0
1,0.0,0.0,0.0,0.0,0.0,0.0,0.0,0.0,0.0,0.0,0.0,0.01,0.0,0.0,0.01,0.0
2,0.0,1.0,1.0,0.0,1.0,1.0,0.0,0.0,0.64,0.76,0.63,0.37,0.78,0.63,0.3,0.19
3,0.0,1.0,0.0,0.0,0.0,0.0,0.0,0.0,0.12,0.37,0.31,0.12,0.43,0.26,0.19,0.03
4,1.0,1.0,1.0,1.0,1.0,1.0,1.0,0.0,0.93,0.95,0.91,0.86,0.98,0.81,0.68,0.39
5,1.0,1.0,1.0,1.0,1.0,1.0,1.0,1.0,0.99,0.99,1.0,0.99,1.0,1.0,0.9,0.79
6,1.0,1.0,1.0,1.0,1.0,1.0,1.0,1.0,0.97,0.94,0.98,0.89,0.95,0.85,0.65,0.42
7,0.0,0.0,0.0,0.0,0.0,0.0,0.0,0.0,0.06,0.03,0.08,0.05,0.07,0.06,0.11,0.06
8,0.0,0.0,0.0,0.0,0.0,0.0,0.0,0.0,0.0,0.0,0.0,0.0,0.01,0.0,0.0,0.0
9,0.0,0.0,0.0,0.0,1.0,0.0,0.0,0.0,0.03,0.14,0.13,0.02,0.28,0.08,0.05,0.0
10,0.0,0.0,0.0,0.0,0.0,0.0,0.0,0.0,0.01,0.04,0.0,0.0,0.08,0.01,0.05,0.0
11,0.0,0.0,0.0,0.0,0.0,0.0,0.0,0.0,0.0,0.08,0.03,0.01,0.04,0.0,0.03,0.0
12,1.0,1.0,1.0,1.0,1.0,1.0,0.0,1.0,0.87,0.94,0.97,0.89,0.93,0.91,0.38,0.56
13,1.0,1.0,1.0,1.0,1.0,1.0,1.0,0.0,0.7366666666666666,0.91,0.91,0.61,0.89,0.78,0.56,0.39
14,0.0,0.0,1.0,0.0,1.0,0.0,1.0,0.0,0.225,0.37,0.44,0.12,0.45,0.32,0.12,0.07
15,1.0,1.0,1.0,1.0,1.0,1.0,1.0,0.0,0.92,0.88,0.91,0.8,0.87,0.78,0.85,0.66
16,0.0,0.0,0.0,0.0,0.0,0.0,0.0,0.0,0.0,0.02,0.02,0.02,0.05,0.01,0.01,0.0
17,1.0,1.0,1.0,1.0,1.0,1.0,0.0,0.0,0.96,0.98,0.98,0.88,0.96,0.93,0.72,0.48
18,1.0,1.0,1.0,1.0,1.0,1.0,1.0,1.0,0.86,0.93,0.76,0.89,0.86,0.7,0.65,0.74
19,0.0,0.0,0.0,0.0,0.0,0.0,0.0,0.0,0.13,0.1,0.1,0.1,0.23,0.14,0.04,0.06
20,0.0,0.0,0.0,0.0,0.0,0.0,0.0,0.0,0.01,0.02,0.02,0.0,0.05,0.02,0.0,0.0
21,1.0,1.0,1.0,1.0,1.0,1.0,1.0,1.0,0.97,0.96,0.99,0.93,0.97,0.92,0.84,0.85
22,0.0,0.0,0.0,0.0,0.0,0.0,0.0,0.0,0.0,0.01,0.01,0.0,0.04,0.0,0.0,0.0
23,0.0,1.0,1.0,1.0,1.0,1.0,0.0,0.0,0.35,0.56,0.69,0.66,0.87,0.63,0.11,0.0
24,0.0,1.0,0.0,0.0,0.0,0.0,0.0,0.0,0.6833333333333335,0.74,0.66,0.47,0.78,0.38,0.29,0.25
25,0.0,0.0,0.0,0.0,0.0,0.0,0.0,0.0,0.0,0.02,0.06,0.01,0.01,0.0,0.01,0.0
26,1.0,1.0,1.0,1.0,1.0,1.0,1.0,1.0,1.0,0.99,1.0,1.0,1.0,1.0,0.98,0.99
27,1.0,1.0,1.0,1.0,1.0,1.0,1.0,1.0,0.86,0.87,0.85,0.78,0.94,0.77,0.59,0.5
28,0.0,0.0,0.0,0.0,0.0,0.0,0.0,0.0,0.0,0.0,0.0,0.01,0.02,0.0,0.01,0.0
29,0.0,0.0,0.0,0.0,0.0,0.0,0.0,0.0,0.11,0.19,0.24,0.04,0.35,0.1,0.02,0.01
30,0.0,0.0,0.0,0.0,0.0,0.0,0.0,0.0,0.1,0.3,0.21,0.04,0.22,0.14,0.1,0.01
31,1.0,0.0,1.0,1.0,1.0,0.0,0.0,0.0,0.57,0.54,0.62,0.6,0.69,0.53,0.41,0.23
32,0.0,0.0,0.0,0.0,0.0,0.0,0.0,0.0,0.01,0.01,0.0,0.01,0.0,0.0,0.06,0.0
33,1.0,1.0,1.0,1.0,1.0,1.0,0.0,0.0,0.8,0.75,0.96,0.92,0.97,0.91,0.46,0.18
34,1.0,1.0,1.0,1.0,1.0,1.0,1.0,0.0,0.91,0.9,0.91,0.85,0.95,0.85,0.53,0.28
35,0.0,0.0,0.0,0.0,0.0,0.0,0.0,0.0,0.0,0.02,0.02,0.0,0.01,0.01,0.0,0.0
36,1.0,1.0,1.0,1.0,1.0,1.0,1.0,0.0,0.78,0.85,0.83,0.83,0.86,0.63,0.58,0.42
37,0.0,0.0,0.0,0.0,1.0,0.0,0.0,0.0,0.3,0.53,0.61,0.04,0.59,0.39899999999999997,0.19,0.02
38,1.0,1.0,0.0,0.0,1.0,0.0,0.0,0.0,0.4851190476190476,0.86,0.86,0.34,0.85,0.4556190476190476,0.31,0.13
39,1.0,1.0,1.0,1.0,1.0,1.0,1.0,1.0,0.97,0.96,0.95,0.92,0.99,0.9,0.79,0.88
40,1.0,1.0,1.0,1.0,1.0,1.0,1.0,1.0,0.95,0.97,0.88,0.89,0.96,0.77,0.83,0.81
41,1.0,1.0,1.0,1.0,1.0,1.0,1.0,1.0,0.97,0.98,0.98,0.83,0.99,0.95,0.95,0.77
42,1.0,1.0,1.0,1.0,1.0,1.0,1.0,0.0,0.94,0.96,0.98,0.93,1.0,0.88,0.76,0.1
43,0.0,0.0,0.0,0.0,0.0,0.0,0.0,0.0,0.03,0.13,0.08,0.02,0.17,0.05,0.04,0.0
44,0.0,0.0,0.0,0.0,0.0,0.0,0.0,0.0,0.01,0.03,0.02,0.02,0.04,0.01,0.04,0.0
45,0.0,0.0,0.0,0.0,0.0,0.0,0.0,0.0,0.04,0.07,0.0,0.02,0.07,0.01,0.06,0.0
46,0.0,1.0,1.0,1.0,1.0,1.0,0.0,0.0,0.76,0.74,0.83,0.87,0.81,0.74,0.38,0.23
47,1.0,1.0,1.0,1.0,1.0,1.0,1.0,1.0,0.91,0.94,0.97,0.89,0.98,0.9179999999999999,0.87,0.29
48,0.0,1.0,1.0,0.0,1.0,1.0,0.0,0.0,0.7,0.94,0.92,0.55,0.92,0.88,0.32,0.11
49,0.0,0.0,0.0,0.0,0.0,0.0,0.0,0.0,0.0,0.0,0.02,0.0,0.02,0.0,0.03,0.01
50,0.0,0.0,0.0,0.0,0.0,0.0,0.0,0.0,0.08,0.16,0.28,0.04,0.25,0.04,0.05,0.02
51,1.0,1.0,1.0,1.0,1.0,1.0,1.0,0.0,0.95,0.94,0.98,0.94,1.0,0.96,0.81,0.16
52,1.0,1.0,1.0,1.0,1.0,1.0,1.0,1.0,0.95,0.98,0.97,0.95,0.97,0.96,0.88,0.46
53,0.0,0.0,0.0,0.0,0.0,0.0,0.0,0.0,0.05,0.0,0.0,0.02,0.0,0.01,0.08,0.01
54,1.0,1.0,1.0,0.0,1.0,1.0,1.0,0.0,0.49,0.61,0.64,0.48,0.65,0.61,0.52,0.14
55,0.0,0.0,0.0,0.0,0.0,0.0,0.0,0.0,0.13,0.34,0.29,0.08,0.33,0.11,0.17,0.03
56,1.0,0.0,1.0,1.0,1.0,0.0,0.0,0.0,0.04,0.02,0.06,0.04,0.04,0.01,0.41,0.03
57,1.0,1.0,1.0,1.0,1.0,1.0,0.0,0.0,0.89,0.93,0.99,0.93,0.98,0.92,0.77,0.24
58,1.0,1.0,1.0,1.0,1.0,0.0,0.0,0.0,0.8,0.85,0.83,0.85,0.9,0.74,0.51,0.37
59,1.0,1.0,1.0,1.0,1.0,1.0,1.0,1.0,0.99,0.94,0.92,0.97,0.95,0.73,0.74,0.78
60,0.0,0.0,0.0,0.0,0.0,0.0,0.0,0.0,0.27,0.51,0.42,0.11,0.5,0.27,0.42,0.06
61,0.0,0.0,0.0,0.0,0.0,0.0,0.0,0.0,0.0,0.01,0.0,0.0,0.04,0.0,0.0,0.0
62,1.0,1.0,1.0,1.0,1.0,1.0,1.0,0.0,0.83,0.85,0.89,0.8,0.93,0.8,0.33,0.16
63,0.0,0.0,0.0,0.0,0.0,0.0,0.0,0.0,0.18,0.27,0.16,0.1,0.27,0.13,0.19,0.01
64,0.0,0.0,0.0,0.0,0.0,0.0,0.0,0.0,0.0,0.05,0.01,0.0,0.1,0.01,0.01,0.0
65,1.0,1.0,1.0,1.0,1.0,1.0,0.0,0.0,0.81,0.94,0.96,0.92,0.96,0.85,0.45,0.09
66,0.0,0.0,0.0,0.0,0.0,0.0,0.0,0.0,0.09,0.12,0.12,0.04,0.08,0.07,0.16,0.01
67,0.0,0.0,0.0,0.0,0.0,0.0,0.0,0.0,0.0,0.0,0.03,0.0,0.0,0.0,0.01,0.0
68,0.0,0.0,0.0,0.0,0.0,0.0,0.0,0.0,0.32,0.49,0.53,0.25,0.57,0.26,0.22,0.02
69,0.0,0.0,0.0,0.0,0.0,0.0,0.0,0.0,0.0,0.0,0.0,0.0,0.0,0.01,0.01,0.0
70,1.0,1.0,1.0,1.0,1.0,1.0,0.0,0.0,0.79,0.85,0.88,0.75,0.93,0.87,0.51,0.27
71,0.0,1.0,1.0,1.0,1.0,1.0,0.0,0.0,0.49,0.76,0.81,0.77,0.93,0.8,0.25,0.03
72,0.0,0.0,0.0,0.0,0.0,0.0,0.0,0.0,0.0,0.0,0.01,0.0,0.02,0.0,0.0,0.0
73,0.0,0.0,0.0,0.0,0.0,0.0,0.0,0.0,0.04,0.04,0.05,0.02,0.06,0.04,0.07,0.01
74,0.0,0.0,0.0,0.0,0.0,0.0,0.0,0.0,0.05,0.19,0.16,0.03,0.2,0.04,0.17,0.03
75,0.0,0.0,0.0,0.0,1.0,0.0,0.0,0.0,0.28,0.27,0.29,0.15,0.44,0.16,0.15,0.04
76,0.0,1.0,1.0,1.0,1.0,1.0,0.0,0.0,0.8,0.97,0.99,0.91,0.99,0.88,0.6,0.22
77,1.0,1.0,1.0,1.0,1.0,0.0,1.0,1.0,0.86,0.79,0.78,0.81,0.78,0.6,0.58,0.62
78,1.0,1.0,1.0,1.0,1.0,1.0,1.0,0.0,0.86,0.88,0.89,0.83,0.95,0.85,0.69,0.41
79,0.0,1.0,1.0,1.0,1.0,1.0,0.0,0.0,0.26,0.5,0.65,0.63,0.79,0.43,0.14,0.0
80,0.0,0.0,0.0,0.0,0.0,0.0,0.0,0.0,0.07,0.18,0.18,0.04,0.24,0.04,0.07,0.0
81,0.0,0.0,0.0,0.0,0.0,0.0,0.0,0.0,0.0,0.0,0.0,0.0,0.03,0.0,0.01,0.0
82,1.0,1.0,1.0,1.0,1.0,1.0,1.0,1.0,0.84,0.96,0.94,0.93,0.95,0.81,0.74,0.76
83,1.0,1.0,1.0,1.0,1.0,0.0,0.0,0.0,0.74,0.8,0.75,0.7,0.89,0.65,0.44,0.3
84,0.0,0.0,0.0,0.0,0.0,0.0,0.0,0.0,0.04,0.03,0.01,0.01,0.03,0.01,0.0,0.0
85,0.0,0.0,0.0,0.0,0.0,0.0,0.0,0.0,0.0,0.03,0.02,0.0,0.03,0.01,0.0,0.0
86,0.0,0.0,0.0,0.0,0.0,0.0,0.0,0.0,0.01,0.05,0.06,0.02,0.08,0.05,0.01,0.0
87,0.0,0.0,0.0,0.0,0.0,0.0,0.0,0.0,0.0,0.02,0.0,0.0,0.06,0.0,0.01,0.0
88,0.0,0.0,0.0,0.0,0.0,0.0,0.0,0.0,0.0,0.01,0.0,0.02,0.02,0.01,0.01,0.0
89,0.0,0.0,0.0,0.0,0.0,0.0,0.0,0.0,0.0,0.0,0.0,0.0,0.0,0.0,0.0,0.0
90,1.0,1.0,1.0,1.0,1.0,1.0,1.0,0.0,0.93,0.89,0.99,0.92,0.98,0.99,0.72,0.57
91,0.0,0.0,0.0,0.0,0.0,0.0,0.0,0.0,0.02,0.0,0.01,0.02,0.01,0.01,0.0,0.01
92,0.0,0.0,0.0,0.0,0.0,0.0,0.0,0.0,0.0,0.0,0.0,0.0,0.0,0.01,0.0,0.0
93,0.0,1.0,1.0,1.0,1.0,1.0,0.0,0.0,0.15,0.35,0.61,0.51,0.68,0.38,0.09,0.0
94,0.0,1.0,1.0,1.0,1.0,1.0,0.0,0.0,0.75,0.84,0.88,0.77,0.93,0.84,0.41,0.08
95,0.0,0.0,0.0,0.0,0.0,0.0,0.0,0.0,0.0,0.02,0.01,0.0,0.04,0.0,0.01,0.01
96,1.0,1.0,1.0,1.0,1.0,1.0,1.0,0.0,0.8033333333333332,0.86,0.9,0.85,0.95,0.82,0.55,0.49
97,1.0,1.0,1.0,1.0,1.0,1.0,1.0,1.0,0.76,0.87,0.92,0.72,0.91,0.87,0.55,0.17
98,0.0,0.0,0.0,0.0,0.0,0.0,0.0,0.0,0.0,0.0,0.0,0.0,0.0,0.0,0.0,0.0
99,0.0,1.0,1.0,1.0,1.0,0.0,1.0,0.0,0.25,0.43,0.41,0.25,0.56,0.22,0.18,0.03
100,0.0,0.0,0.0,0.0,0.0,0.0,0.0,0.0,0.0,0.0,0.0,0.03,0.06,0.0,0.02,0.0
101,1.0,1.0,1.0,1.0,1.0,1.0,1.0,1.0,0.85,0.97,0.96,0.84,0.97,0.89,0.81,0.34
102,1.0,1.0,1.0,1.0,1.0,1.0,0.0,1.0,0.92,0.96,0.9,0.75,0.95,0.82,0.71,0.66
103,0.0,0.0,0.0,0.0,0.0,0.0,0.0,0.0,0.26,0.33,0.35,0.24,0.32,0.25,0.11,0.03
104,1.0,0.0,0.0,0.0,0.0,0.0,1.0,0.0,0.63,0.53,0.66,0.29,0.54,0.43,0.36,0.13
105,0.0,0.0,0.0,0.0,0.0,0.0,0.0,0.0,0.0,0.01,0.0,0.01,0.05,0.02,0.04,0.0
106,1.0,0.0,1.0,1.0,1.0,0.0,0.0,1.0,0.76,0.58,0.89,0.7,0.74,0.57,0.39,0.3
107,0.0,0.0,0.0,0.0,0.0,0.0,0.0,0.0,0.0,0.0,0.01,0.0,0.01,0.0,0.0,0.0
108,0.0,0.0,0.0,0.0,0.0,0.0,0.0,0.0,0.09,0.05,0.12,0.03,0.05,0.04,0.01,0.0
109,0.0,0.0,0.0,0.0,0.0,0.0,0.0,0.0,0.0,0.0,0.0,0.0,0.0,0.01,0.0,0.0
110,0.0,0.0,0.0,0.0,0.0,0.0,0.0,0.0,0.0,0.04,0.03,0.0,0.05,0.05,0.0,0.0
111,1.0,1.0,1.0,1.0,1.0,1.0,1.0,1.0,0.96,0.97,0.98,0.97,0.99,0.91,0.71,0.47
112,0.0,0.0,0.0,0.0,0.0,0.0,0.0,0.0,0.09,0.18,0.19,0.13,0.18,0.05,0.32,0.02
113,0.0,0.0,0.0,0.0,0.0,0.0,0.0,0.0,0.02,0.01,0.01,0.02,0.06,0.01,0.02,0.0
114,1.0,1.0,1.0,1.0,1.0,1.0,0.0,0.0,0.94,0.98,0.94,0.91,0.98,0.96,0.23,0.18
115,1.0,1.0,1.0,1.0,1.0,1.0,1.0,0.0,0.19,0.85,0.92,0.88,0.89,0.79,0.73,0.01
116,0.0,0.0,0.0,0.0,0.0,0.0,0.0,0.0,0.02,0.02,0.04,0.01,0.08,0.0,0.02,0.04
117,0.0,0.0,0.0,0.0,0.0,0.0,0.0,0.0,0.0,0.0,0.0,0.0,0.0,0.0,0.0,0.0
118,0.0,0.0,0.0,0.0,0.0,0.0,0.0,0.0,0.025,0.06,0.11,0.01,0.21,0.09,0.03,0.01
119,1.0,1.0,1.0,1.0,1.0,1.0,1.0,0.0,0.89,0.94,0.96,0.86,0.96,0.86,0.56,0.26
120,1.0,1.0,1.0,1.0,1.0,1.0,0.0,0.0,0.89,0.93,0.95,0.89,0.98,0.9,0.6,0.16
121,1.0,1.0,1.0,1.0,1.0,1.0,1.0,1.0,0.89,1.0,0.97,0.97,0.99,0.87,0.85,0.67
122,0.0,0.0,0.0,0.0,0.0,0.0,0.0,0.0,0.01,0.07,0.09,0.0,0.07,0.01,0.02,0.02
123,0.0,0.0,0.0,0.0,0.0,0.0,0.0,0.0,0.0,0.0,0.01,0.01,0.0,0.0,0.0,0.0
124,1.0,1.0,1.0,1.0,1.0,0.0,0.0,0.0,0.9,0.84,0.89,0.79,0.84,0.72,0.57,0.38
125,1.0,1.0,1.0,1.0,1.0,1.0,1.0,1.0,0.92,0.99,0.9,0.84,0.94,0.93,0.64,0.38
126,0.0,0.0,0.0,0.0,0.0,0.0,0.0,0.0,0.0,0.0,0.0,0.0,0.0,0.0,0.0,0.0
127,0.0,0.0,0.0,0.0,0.0,0.0,0.0,0.0,0.0,0.02,0.0,0.0,0.0,0.0,0.0,0.0
128,0.0,1.0,1.0,1.0,1.0,1.0,0.0,0.0,0.81,0.88,0.97,0.96,0.99,0.8,0.48,0.07
129,0.0,0.0,0.0,0.0,0.0,0.0,0.0,0.0,0.01,0.01,0.0,0.01,0.06,0.01,0.0,0.0
130,1.0,1.0,1.0,1.0,1.0,1.0,1.0,1.0,0.98,1.0,1.0,0.96,1.0,0.99,0.85,0.88
131,1.0,1.0,1.0,1.0,1.0,1.0,1.0,0.0,0.63,0.93,0.91,0.43,0.93,0.9,0.37,0.22
132,1.0,1.0,1.0,1.0,1.0,1.0,1.0,0.0,0.94,0.94,0.92,0.8,0.94,0.65,0.84,0.79
133,0.0,0.0,0.0,0.0,0.0,0.0,0.0,0.0,0.01,0.02,0.04,0.03,0.08,0.02,0.04,0.01
134,0.0,0.0,0.0,0.0,0.0,0.0,0.0,0.0,0.0,0.01,0.01,0.01,0.02,0.01,0.01,0.0
135,0.0,0.0,0.0,0.0,0.0,0.0,0.0,0.0,0.01,0.07,0.01,0.01,0.03,0.01,0.02,0.01
136,0.0,0.0,1.0,0.0,0.0,0.0,0.0,0.0,0.41,0.35,0.4,0.3,0.55,0.26,0.3,0.11
137,0.0,0.0,0.0,0.0,0.0,1.0,0.0,0.0,0.52,0.4,0.25,0.23,0.36,0.32,0.34,0.15
138,0.0,0.0,0.0,0.0,0.0,0.0,0.0,0.0,0.03,0.05,0.03,0.04,0.07,0.03,0.03,0.02
139,1.0,1.0,1.0,1.0,1.0,1.0,0.0,1.0,0.9,0.82,0.74,0.79,0.79,0.5,0.6,0.52
140,0.0,1.0,1.0,0.0,1.0,1.0,0.0,0.0,0.3,0.66,0.51,0.15,0.82,0.33,0.2,0.11
141,1.0,1.0,1.0,1.0,1.0,1.0,1.0,0.0,0.73,0.75,0.82,0.64,0.84,0.68,0.55,0.15
142,0.0,0.0,0.0,0.0,0.0,0.0,0.0,0.0,0.0,0.0,0.0,0.0,0.02,0.0,0.04,0.0
143,0.0,0.0,0.0,0.0,0.0,0.0,0.0,0.0,0.0,0.0,0.0,0.0,0.0,0.0,0.0,0.0
144,1.0,1.0,1.0,1.0,1.0,1.0,0.0,0.0,0.9,0.9,0.93,0.86,0.97,0.83,0.58,0.26
145,1.0,1.0,1.0,1.0,1.0,1.0,1.0,1.0,0.93,0.87,0.98,0.78,1.0,0.93,0.79,0.51
146,1.0,1.0,1.0,1.0,1.0,1.0,0.0,0.0,0.83,0.89,0.87,0.75,0.95,0.75,0.26,0.22
147,1.0,1.0,1.0,0.0,1.0,1.0,0.0,0.0,0.73,0.77,0.75,0.63,0.75,0.59,0.37,0.26
148,0.0,0.0,0.0,0.0,0.0,0.0,0.0,0.0,0.0,0.01,0.0,0.0,0.16,0.0,0.0,0.01
149,1.0,1.0,1.0,1.0,1.0,1.0,1.0,1.0,0.97,0.98,0.89,0.89,0.94,0.94,0.77,0.81
150,1.0,1.0,1.0,1.0,1.0,1.0,1.0,1.0,0.92,0.93,0.98,0.95,0.98,0.97,0.71,0.44
151,0.0,0.0,0.0,0.0,0.0,0.0,0.0,0.0,0.01,0.04,0.02,0.02,0.06,0.03333333333333333,0.02,0.0
152,0.0,0.0,0.0,0.0,0.0,0.0,0.0,0.0,0.01,0.01,0.03,0.0,0.1,0.0,0.0,0.0
153,1.0,0.0,1.0,1.0,1.0,0.0,0.0,0.0,0.63,0.76,0.83,0.78,0.78,0.6,0.43,0.24
154,1.0,1.0,1.0,0.0,1.0,0.0,0.0,0.0,0.53,0.77,0.77,0.61,0.83,0.515,0.6,0.35
155,0.0,0.0,0.0,0.0,0.0,0.0,0.0,0.0,0.0,0.0,0.0,0.0,0.0,0.0,0.0,0.0
156,0.0,0.0,0.0,0.0,0.0,0.0,0.0,0.0,0.0,0.0,0.0,0.0,0.0,0.0,0.0,0.0
157,0.0,0.0,0.0,0.0,0.0,0.0,0.0,0.0,0.01,0.0,0.0,0.0,0.02,0.0,0.0,0.0
158,1.0,1.0,1.0,1.0,1.0,0.0,1.0,1.0,0.87,0.87,0.89,0.77,0.93,0.66,0.5,0.38
159,1.0,1.0,1.0,1.0,1.0,1.0,1.0,1.0,0.87,0.88,0.97,0.79,0.98,0.91,0.72,0.6
160,0.0,1.0,1.0,0.0,1.0,0.0,1.0,0.0,0.82,0.91,0.76,0.7,0.82,0.47,0.58,0.29
161,1.0,0.0,1.0,1.0,1.0,0.0,0.0,0.0,0.96,0.84,0.9,0.85,0.86,0.74,0.35,0.18
162,0.0,0.0,0.0,0.0,0.0,0.0,0.0,0.0,0.0,0.0,0.0,0.0,0.01,0.0,0.01,0.0
163,0.0,0.0,0.0,0.0,0.0,0.0,0.0,0.0,0.01,0.0,0.01,0.0,0.02,0.03,0.02,0.0
164,1.0,1.0,1.0,1.0,1.0,1.0,1.0,0.0,0.95,0.95,0.92,0.89,0.95,0.86,0.76,0.34
165,1.0,1.0,1.0,1.0,1.0,1.0,0.0,0.0,0.93,0.97,0.97,0.82,0.92,0.81,0.61,0.33
166,0.0,0.0,0.0,0.0,0.0,0.0,0.0,0.0,0.15,0.1,0.21,0.03,0.12,0.14,0.2,0.01
167,1.0,1.0,1.0,1.0,1.0,1.0,1.0,1.0,0.99,0.95,0.93,0.84,0.97,0.91,0.78,0.57
168,0.0,0.0,0.0,0.0,0.0,0.0,0.0,0.0,0.0,0.01,0.0,0.0,0.0,0.01,0.0,0.0
169,1.0,1.0,1.0,1.0,1.0,1.0,1.0,0.0,0.82,0.85,0.86,0.73,0.88,0.7,0.5,0.42
170,1.0,1.0,1.0,1.0,1.0,1.0,0.0,0.0,0.6,0.8,0.74,0.6,0.83,0.66,0.27,0.12
171,1.0,1.0,1.0,1.0,1.0,1.0,1.0,1.0,0.98,0.98,0.99,0.95,0.98,0.89,0.81,0.65
172,1.0,0.0,1.0,1.0,1.0,0.0,0.0,0.0,0.86,0.82,0.95,0.98,0.89,0.77,0.38,0.16
173,0.0,0.0,0.0,0.0,0.0,0.0,0.0,0.0,0.0,0.0,0.0,0.0,0.0,0.0,0.01,0.0
174,0.0,1.0,1.0,0.0,1.0,1.0,1.0,0.0,0.26666666666666666,0.49,0.63,0.11,0.78,0.67,0.22,0.02
175,0.0,0.0,0.0,0.0,0.0,0.0,0.0,0.0,0.0,0.0,0.0,0.0,0.06,0.0,0.03,0.0
176,0.0,0.0,0.0,0.0,0.0,0.0,0.0,0.0,0.0,0.0,0.01,0.02,0.01,0.04,0.01,0.0
177,1.0,1.0,1.0,1.0,1.0,1.0,1.0,1.0,0.855,0.93,0.89,0.86,0.95,0.81,0.69,0.3
178,0.0,0.0,0.0,0.0,0.0,0.0,0.0,0.0,0.0,0.0,0.0,0.0,0.0,0.0,0.0,0.0
179,1.0,1.0,1.0,1.0,1.0,0.0,1.0,1.0,0.92,0.97,0.93,0.81,0.88,0.77,0.7,0.68
180,1.0,1.0,1.0,1.0,1.0,1.0,1.0,1.0,0.91,0.97,0.95,0.89,0.98,0.85,0.83,0.64
181,1.0,1.0,1.0,1.0,1.0,1.0,0.0,1.0,0.89,0.92,0.91,0.87,0.94,0.89,0.39,0.41
182,1.0,1.0,1.0,1.0,1.0,1.0,0.0,1.0,0.94,0.88,0.93,0.9,0.87,0.73,0.65,0.8
183,0.0,0.0,0.0,0.0,0.0,0.0,0.0,0.0,0.06,0.29,0.22,0.09,0.17,0.05,0.02,0.02
184,1.0,1.0,1.0,1.0,1.0,1.0,1.0,1.0,0.91,0.96,0.94,0.81,0.95,0.91,0.68,0.53
185,0.0,0.0,0.0,0.0,0.0,0.0,0.0,0.0,0.0,0.0,0.0,0.0,0.03,0.0,0.0,0.0
186,0.0,0.0,0.0,0.0,0.0,0.0,0.0,0.0,0.0,0.01,0.01,0.01,0.3,0.0,0.01,0.0
187,0.0,0.0,0.0,0.0,0.0,0.0,0.0,0.0,0.01,0.02,0.01,0.02,0.14,0.03,0.01,0.0
188,1.0,1.0,1.0,0.0,1.0,0.0,0.0,0.0,0.64,0.75,0.85,0.74,0.86,0.58,0.27,0.09
189,0.0,0.0,0.0,0.0,0.0,0.0,0.0,0.0,0.02,0.05,0.09,0.04,0.07,0.04,0.15,0.0
190,0.0,0.0,0.0,0.0,0.0,0.0,0.0,0.0,0.0,0.01,0.01,0.01,0.01,0.0,0.01,0.0
191,0.0,1.0,0.0,0.0,0.0,0.0,0.0,0.0,0.34,0.83,0.77,0.33,0.74,0.59,0.24,0.2
192,0.0,0.0,0.0,0.0,0.0,0.0,0.0,0.0,0.0,0.01,0.01,0.0,0.02,0.02,0.05,0.0
193,0.0,0.0,0.0,0.0,0.0,0.0,0.0,0.0,0.01,0.02,0.05,0.02,0.01,0.01,0.03,0.02
194,1.0,1.0,1.0,1.0,1.0,1.0,1.0,0.0,0.95,0.97,0.97,0.92,0.99,0.96,0.81,0.67
195,0.0,1.0,0.0,0.0,1.0,1.0,0.0,0.0,0.21,0.31,0.33,0.07,0.37,0.25,0.29,0.06
196,1.0,1.0,1.0,1.0,1.0,1.0,1.0,1.0,0.94,0.89,0.96,0.91,0.96,0.93,0.87,0.78
197,1.0,1.0,1.0,1.0,1.0,1.0,1.0,0.0,0.93,0.95,0.89,0.83,0.95,0.9,0.66,0.35
198,0.0,0.0,0.0,0.0,0.0,0.0,0.0,0.0,0.13,0.15,0.11,0.07,0.07,0.07,0.24,0.04
199,1.0,1.0,1.0,1.0,1.0,1.0,0.0,1.0,0.7233333333333334,0.83,0.96,0.93,0.95,0.81,0.43,0.28
200,0.0,0.0,0.0,0.0,0.0,0.0,0.0,0.0,0.01,0.01,0.0,0.04,0.01,0.0,0.01,0.01
201,1.0,1.0,1.0,1.0,1.0,1.0,1.0,1.0,0.98,0.97,0.92,0.88,0.97,0.84,0.79,0.84
202,0.0,0.0,0.0,0.0,0.0,0.0,0.0,0.0,0.0,0.0,0.0,0.0,0.05,0.0,0.0,0.0
203,1.0,1.0,1.0,1.0,1.0,0.0,0.0,1.0,0.91,0.82,0.97,0.94,0.86,0.76,0.29,0.33
204,0.0,0.0,0.0,0.0,0.0,0.0,0.0,0.0,0.01,0.01,0.01,0.0,0.11,0.01,0.0,0.0
205,0.0,0.0,0.0,0.0,0.0,0.0,0.0,0.0,0.0,0.02,0.01,0.0,0.03,0.0,0.01,0.0
206,0.0,0.0,0.0,0.0,0.0,0.0,0.0,0.0,0.0,0.0,0.0,0.0,0.01,0.0,0.02,0.0
207,0.0,0.0,0.0,0.0,0.0,0.0,0.0,0.0,0.01,0.07,0.08,0.05,0.16,0.08,0.06,0.01
208,0.0,0.0,0.0,0.0,1.0,0.0,0.0,0.0,0.24,0.53,0.47,0.16,0.52,0.19,0.33,0.09
209,0.0,1.0,1.0,0.0,1.0,1.0,0.0,0.0,0.41,0.82,0.81,0.26,0.93,0.73,0.08,0.1
210,1.0,1.0,1.0,1.0,1.0,1.0,0.0,1.0,0.89,0.93,0.95,0.87,0.98,0.96,0.64,0.58
211,1.0,1.0,1.0,1.0,1.0,1.0,0.0,1.0,0.88,0.84,0.77,0.87,0.85,0.56,0.69,0.73
212,1.0,1.0,1.0,1.0,1.0,1.0,0.0,1.0,0.91,0.93,0.88,0.82,0.91,0.87,0.68,0.51
213,0.0,0.0,0.0,0.0,0.0,0.0,0.0,0.0,0.02,0.01,0.06,0.01,0.06,0.02,0.03,0.02
214,0.0,0.0,0.0,0.0,0.0,0.0,0.0,0.0,0.0,0.0,0.0,0.0,0.0,0.0,0.03,0.0
215,1.0,1.0,1.0,1.0,1.0,1.0,1.0,1.0,0.92,0.93,0.92,0.86,0.97,0.9179999999999999,0.81,0.49
216,1.0,1.0,1.0,1.0,1.0,1.0,1.0,0.0,0.69,0.77,0.78,0.51,0.93,0.85,0.62,0.16
217,0.0,0.0,0.0,0.0,0.0,0.0,0.0,0.0,0.0,0.01,0.0,0.0,0.0,0.0,0.01,0.0
218,1.0,1.0,1.0,1.0,1.0,1.0,1.0,1.0,0.96,0.96,0.95,0.97,0.97,0.87,0.92,0.86
219,1.0,1.0,1.0,1.0,1.0,1.0,1.0,1.0,0.73,0.84,0.8,0.7,0.84,0.67,0.56,0.26
220,0.0,0.0,0.0,0.0,0.0,0.0,0.0,0.0,0.0,0.0,0.0,0.0,0.0,0.0,0.01,0.0
221,1.0,0.0,0.0,0.0,0.0,0.0,0.0,0.0,0.41,0.46,0.54,0.32,0.49,0.3,0.5,0.19
222,1.0,1.0,1.0,1.0,1.0,1.0,1.0,0.0,0.9,0.93,0.96,0.91,0.94,0.96,0.68,0.4
223,1.0,1.0,1.0,1.0,1.0,1.0,0.0,0.0,0.48,0.68,0.75,0.66,0.78,0.72,0.44,0.2
224,0.0,0.0,0.0,0.0,0.0,0.0,1.0,0.0,0.2,0.18,0.2,0.08,0.31,0.175,0.33,0.04
225,1.0,1.0,1.0,1.0,1.0,1.0,1.0,1.0,0.98,0.95,0.96,0.92,0.96,0.95,0.73,0.81
226,0.0,0.0,0.0,0.0,1.0,0.0,0.0,0.0,0.17,0.33,0.55,0.13,0.73,0.35,0.05,0.05
227,1.0,1.0,1.0,1.0,1.0,1.0,1.0,1.0,0.9,0.99,1.0,0.95,1.0,0.97,0.85,0.48
228,0.0,0.0,0.0,0.0,0.0,0.0,0.0,0.0,0.04,0.04,0.02,0.03,0.19,0.03,0.06,0.01
229,1.0,1.0,1.0,1.0,1.0,1.0,1.0,1.0,0.89,0.91,0.91,0.88,0.92,0.71,0.71,0.52
230,0.0,1.0,1.0,1.0,1.0,1.0,1.0,0.0,0.82,0.92,0.94,0.88,0.93,0.945,0.6,0.18
231,0.0,0.0,0.0,0.0,0.0,0.0,0.0,0.0,0.06,0.09,0.03,0.02,0.04,0.03,0.05,0.0
232,1.0,1.0,1.0,1.0,1.0,1.0,1.0,1.0,0.71,0.87,0.78,0.7,0.83,0.73,0.59,0.11
233,1.0,1.0,1.0,1.0,1.0,1.0,1.0,0.0,0.64,0.92,0.86,0.72,0.91,0.84,0.45,0.19
234,0.0,0.0,0.0,0.0,0.0,0.0,0.0,0.0,0.04,0.03,0.04,0.02,0.01,0.02,0.01,0.02
235,0.0,0.0,0.0,0.0,0.0,0.0,0.0,0.0,0.03,0.04,0.0,0.0,0.04,0.0,0.07,0.0
236,0.0,0.0,0.0,0.0,0.0,0.0,0.0,0.0,0.01,0.04,0.0,0.02,0.03,0.03,0.09,0.0
237,1.0,1.0,1.0,1.0,1.0,1.0,1.0,1.0,0.92,0.89,0.96,0.84,0.97,0.85,0.57,0.51
238,1.0,0.0,1.0,1.0,1.0,0.0,0.0,0.0,0.81,0.76,0.86,0.65,0.84,0.71,0.5,0.36
239,1.0,1.0,1.0,1.0,1.0,0.0,0.0,1.0,0.8733333333333333,0.87,0.93,0.95,0.94,0.53,0.23,0.4
240,1.0,1.0,1.0,1.0,1.0,1.0,0.0,1.0,0.96,0.96,0.95,0.87,0.99,0.94,0.73,0.77
241,0.0,0.0,0.0,0.0,0.0,0.0,0.0,0.0,0.13,0.11,0.14,0.1,0.23,0.08,0.11,0.06
242,0.0,0.0,0.0,0.0,0.0,0.0,0.0,0.0,0.085,0.11,0.06,0.04,0.16,0.11,0.14,0.03
243,0.0,0.0,0.0,0.0,0.0,0.0,0.0,0.0,0.17,0.25,0.15,0.06,0.36,0.18,0.07,0.0
244,1.0,1.0,1.0,1.0,1.0,1.0,0.0,0.0,0.83,0.92,0.95,0.91,1.0,0.9,0.48,0.17
245,1.0,1.0,1.0,1.0,1.0,1.0,0.0,0.0,0.72,0.72,0.83,0.46,0.9,0.78,0.38,0.16
246,0.0,0.0,0.0,0.0,0.0,0.0,0.0,0.0,0.03,0.1,0.11,0.06,0.05,0.12,0.01,0.0
247,0.0,0.0,0.0,0.0,0.0,0.0,1.0,0.0,0.37,0.24,0.18,0.2,0.18,0.15,0.16,0.03
248,1.0,1.0,1.0,1.0,1.0,0.0,1.0,0.0,0.82,0.78,0.83,0.82,0.79,0.81,0.65,0.3
249,0.0,1.0,1.0,0.0,1.0,1.0,0.0,0.0,0.18,0.82,0.92,0.11,0.92,0.77,0.07,0.01
250,0.0,0.0,0.0,0.0,0.0,0.0,0.0,0.0,0.36,0.47,0.43,0.39,0.71,0.23,0.07,0.01
251,0.0,1.0,1.0,1.0,1.0,1.0,0.0,0.0,0.84,0.96,0.89,0.91,0.9,0.86,0.48,0.16
252,1.0,0.0,0.0,0.0,0.0,0.0,1.0,0.0,0.79,0.72,0.74,0.61,0.77,0.62,0.64,0.42
253,0.0,0.0,0.0,0.0,0.0,0.0,0.0,0.0,0.01,0.01,0.01,0.0,0.02,0.01,0.0,0.0
254,0.0,0.0,0.0,0.0,0.0,0.0,0.0,0.0,0.37,0.5,0.54,0.36,0.53,0.24,0.12,0.23
255,0.0,0.0,0.0,0.0,0.0,0.0,0.0,0.0,0.0,0.02,0.01,0.0,0.03,0.02,0.01,0.0
256,1.0,1.0,1.0,1.0,1.0,1.0,1.0,1.0,0.94,0.94,0.96,0.9,0.98,0.93,0.65,0.39
257,1.0,1.0,1.0,1.0,1.0,1.0,1.0,0.0,0.77,0.81,0.81,0.8,0.96,0.81,0.64,0.19
258,0.0,0.0,0.0,0.0,0.0,0.0,0.0,0.0,0.0,0.0,0.0,0.0,0.0,0.0,0.01,0.0
259,0.0,0.0,0.0,0.0,0.0,0.0,0.0,0.0,0.05,0.04,0.06,0.04,0.03,0.03,0.03,0.0
260,1.0,1.0,1.0,1.0,1.0,1.0,1.0,1.0,0.97,0.98,0.97,0.91,0.98,0.81,0.8,0.71
261,1.0,1.0,1.0,0.0,1.0,1.0,0.0,0.0,0.27,0.32,0.48,0.21,0.45,0.27,0.13,0.02
262,0.0,0.0,0.0,0.0,0.0,0.0,0.0,0.0,0.0,0.0,0.0,0.0,0.0,0.0,0.0,0.0
263,1.0,1.0,1.0,1.0,1.0,1.0,0.0,0.0,0.74,0.89,0.87,0.76,0.78,0.76,0.56,0.36
264,1.0,1.0,1.0,1.0,1.0,1.0,1.0,0.0,0.92,0.93,0.99,0.8,0.97,0.82,0.57,0.3
265,1.0,1.0,1.0,1.0,1.0,1.0,0.0,0.0,0.74,0.78,0.9,0.82,0.99,0.76,0.11,0.1
266,1.0,1.0,1.0,1.0,1.0,1.0,1.0,0.0,0.86,0.92,0.97,0.86,0.97,0.87,0.66,0.27
267,0.0,0.0,0.0,0.0,0.0,0.0,0.0,0.0,0.0,0.01,0.01,0.02,0.03,0.0,0.01,0.0
268,0.0,0.0,0.0,0.0,0.0,0.0,0.0,0.0,0.03,0.09,0.02,0.0,0.08,0.05,0.0,0.0
269,0.0,0.0,0.0,0.0,0.0,0.0,0.0,0.0,0.05,0.13,0.05,0.04,0.07,0.07,0.11,0.0
270,0.0,0.0,0.0,0.0,0.0,0.0,0.0,0.0,0.0,0.0,0.0,0.0,0.0,0.0,0.0,0.0
271,1.0,0.0,0.0,0.0,0.0,0.0,0.0,0.0,0.31,0.36,0.34,0.25,0.45,0.31,0.04,0.08
272,1.0,1.0,1.0,0.0,1.0,1.0,0.0,1.0,0.89,0.89,0.74,0.7,0.92,0.89,0.58,0.27
273,0.0,0.0,0.0,0.0,0.0,0.0,0.0,0.0,0.0,0.01,0.0,0.0,0.01,0.0,0.0,0.0
274,0.0,0.0,1.0,0.0,0.0,0.0,0.0,0.0,0.49,0.64,0.68,0.65,0.81,0.46,0.18,0.01
275,1.0,1.0,1.0,1.0,1.0,1.0,0.0,1.0,0.69,0.75,0.56,0.48,0.8,0.68,0.48,0.16
276,0.0,0.0,0.0,0.0,0.0,0.0,0.0,0.0,0.01,0.02,0.0,0.0,0.02,0.01,0.01,0.0
277,0.0,0.0,0.0,0.0,0.0,0.0,0.0,0.0,0.0,0.0,0.01,0.0,0.02,0.0,0.01,0.0
278,0.0,1.0,1.0,1.0,1.0,1.0,0.0,0.0,0.58,0.85,0.75,0.75,0.82,0.68,0.26,0.16
279,0.0,0.0,0.0,0.0,0.0,0.0,0.0,0.0,0.02,0.03,0.0,0.0,0.05,0.01,0.0,0.0
280,0.0,0.0,0.0,0.0,0.0,0.0,0.0,0.0,0.01,0.01,0.0,0.0,0.0,0.0,0.01,0.0
281,1.0,1.0,1.0,1.0,1.0,0.0,0.0,1.0,0.85,0.84,0.9,0.73,0.85,0.75,0.56,0.26
282,0.0,0.0,0.0,0.0,0.0,0.0,0.0,0.0,0.01,0.01,0.03,0.0,0.01,0.02,0.0,0.0
283,0.0,0.0,0.0,0.0,0.0,0.0,0.0,0.0,0.0,0.03,0.03,0.03,0.06,0.01,0.03,0.0
284,1.0,1.0,1.0,1.0,1.0,1.0,1.0,1.0,0.84,0.94,0.98,0.91,0.96,0.93,0.9,0.51
285,0.0,0.0,0.0,0.0,0.0,0.0,0.0,0.0,0.02,0.05,0.03,0.01,0.03,0.07,0.02,0.0
286,0.0,0.0,0.0,0.0,0.0,0.0,0.0,0.0,0.02,0.01,0.05,0.02,0.05,0.05,0.04,0.0
287,1.0,1.0,1.0,1.0,1.0,1.0,0.0,0.0,0.78,0.77,0.95,0.85,0.9,0.78,0.41,0.16
288,0.0,0.0,0.0,0.0,0.0,0.0,0.0,0.0,0.09,0.15,0.19,0.1,0.29,0.16,0.15,0.04
289,0.0,1.0,0.0,0.0,0.0,0.0,0.0,0.0,0.39,0.6,0.41,0.15,0.47,0.2,0.06,0.07
290,1.0,1.0,1.0,1.0,1.0,1.0,0.0,0.0,0.85,0.88,0.88,0.79,0.95,0.84,0.7,0.26
291,1.0,1.0,1.0,1.0,1.0,1.0,1.0,1.0,0.87,0.91,0.9,0.8,0.97,0.88,0.7,0.66
292,1.0,0.0,1.0,1.0,1.0,0.0,1.0,1.0,0.92,0.87,0.84,0.93,0.78,0.58,0.72,0.74
293,1.0,1.0,1.0,1.0,1.0,1.0,0.0,1.0,0.89,0.93,0.97,0.91,0.93,0.86,0.63,0.49
294,1.0,1.0,1.0,0.0,1.0,1.0,0.0,0.0,0.44,0.92,0.94,0.4,0.93,0.79,0.14,0.09
295,0.0,0.0,0.0,0.0,0.0,0.0,0.0,0.0,0.03,0.01,0.02,0.01,0.03,0.02,0.1,0.0
296,1.0,1.0,0.0,0.0,1.0,0.0,0.0,0.0,0.9,0.74,0.76,0.63,0.78,0.45,0.68,0.61
297,0.0,0.0,0.0,0.0,1.0,0.0,0.0,0.0,0.06,0.25,0.23,0.05,0.46,0.13,0.07,0.0
298,0.0,0.0,0.0,0.0,0.0,0.0,0.0,0.0,0.02,0.02,0.01,0.0,0.08,0.03,0.01,0.0
299,1.0,1.0,1.0,1.0,1.0,1.0,1.0,0.0,0.75,0.81,0.82,0.84,0.8,0.75,0.48,0.09
300,1.0,1.0,1.0,0.0,1.0,1.0,0.0,0.0,0.62,0.69,0.7,0.59,0.87,0.64,0.45,0.26
301,0.0,0.0,0.0,0.0,0.0,0.0,0.0,0.0,0.12,0.19,0.18,0.09,0.14,0.11,0.25,0.08
302,0.0,0.0,0.0,0.0,0.0,0.0,0.0,0.0,0.0,0.0,0.0,0.0,0.03,0.01,0.01,0.0
303,1.0,1.0,1.0,1.0,1.0,1.0,1.0,0.0,0.77,0.92,0.87,0.48,0.94,0.78,0.5,0.32
304,1.0,1.0,1.0,1.0,1.0,1.0,1.0,1.0,0.98,0.95,0.89,0.93,0.89,0.8,0.76,0.86
305,1.0,1.0,1.0,1.0,1.0,1.0,0.0,1.0,0.65,0.81,0.82,0.63,0.89,0.7,0.27,0.43
306,0.0,0.0,0.0,0.0,0.0,0.0,0.0,0.0,0.02,0.06,0.09,0.03,0.28,0.06,0.05,0.0
307,0.0,0.0,0.0,0.0,0.0,0.0,0.0,0.0,0.07,0.14,0.14,0.09,0.25,0.04,0.15,0.0
308,1.0,1.0,1.0,1.0,1.0,1.0,0.0,0.0,0.89,0.96,0.97,0.96,0.99,0.96,0.69,0.31
309,1.0,1.0,1.0,1.0,1.0,1.0,1.0,0.0,0.7,0.85,0.75,0.7,0.75,0.67,0.37,0.14
310,0.0,0.0,0.0,0.0,0.0,0.0,0.0,0.0,0.01,0.01,0.0,0.0,0.05,0.0,0.0,0.0
311,1.0,1.0,1.0,1.0,1.0,1.0,1.0,1.0,0.84,0.94,0.91,0.83,0.91,0.9,0.65,0.38
312,1.0,1.0,1.0,1.0,1.0,1.0,1.0,0.0,0.98,0.98,0.97,0.94,0.97,0.98,0.83,0.61
313,0.0,1.0,1.0,1.0,1.0,1.0,0.0,0.0,0.6533333333333333,0.82,0.88,0.75,0.98,0.77,0.45,0.02
314,0.0,0.0,0.0,0.0,1.0,0.0,0.0,0.0,0.24,0.34,0.51,0.14,0.74,0.36,0.03,0.01
315,1.0,1.0,1.0,1.0,1.0,0.0,1.0,0.0,0.79,0.81,0.77,0.83,0.91,0.66,0.57,0.21
316,0.0,0.0,0.0,0.0,0.0,0.0,0.0,0.0,0.06,0.02,0.07,0.01,0.09,0.07,0.15,0.01
317,0.0,0.0,0.0,0.0,0.0,0.0,0.0,0.0,0.01,0.03,0.06,0.02,0.23,0.05,0.03,0.01
318,1.0,1.0,1.0,1.0,1.0,1.0,1.0,1.0,1.0,0.97,0.99,0.95,0.97,0.97,0.95,0.95
319,0.0,0.0,0.0,0.0,0.0,0.0,0.0,0.0,0.0,0.0,0.0,0.0,0.01,0.0,0.0,0.0
320,1.0,1.0,1.0,1.0,1.0,1.0,1.0,1.0,0.97,0.93,0.97,0.9,0.97,0.97,0.8,0.7
321,0.0,0.0,0.0,0.0,0.0,0.0,0.0,0.0,0.01,0.08,0.05,0.04,0.03,0.02,0.08,0.0
322,1.0,1.0,1.0,1.0,1.0,1.0,1.0,0.0,0.81,0.9,0.9,0.82,0.94,0.87,0.67,0.2
323,0.0,0.0,0.0,0.0,1.0,0.0,0.0,0.0,0.43,0.4,0.25,0.19,0.62,0.13,0.15,0.01
324,1.0,1.0,1.0,1.0,1.0,1.0,1.0,0.0,0.87,0.87,0.93,0.84,0.97,0.81,0.41,0.28
325,1.0,1.0,1.0,0.0,1.0,0.0,1.0,0.0,0.69,0.83,0.65,0.67,0.71,0.32,0.58,0.32
326,1.0,1.0,1.0,1.0,1.0,1.0,0.0,1.0,0.85,0.88,0.89,0.84,0.97,0.9242857142857143,0.38,0.38
327,0.0,0.0,0.0,0.0,0.0,0.0,0.0,0.0,0.01,0.02,0.0,0.0,0.01,0.0,0.01,0.0
328,1.0,1.0,1.0,1.0,1.0,0.0,1.0,0.0,0.91,0.75,0.89,0.79,0.9,0.49,0.69,0.56
329,1.0,1.0,1.0,1.0,1.0,1.0,0.0,0.0,0.89,0.93,0.98,0.98,1.0,0.92,0.68,0.25
330,1.0,1.0,1.0,1.0,1.0,1.0,1.0,1.0,0.92,0.92,0.94,0.76,0.89,0.85,0.87,0.63
331,0.0,0.0,0.0,0.0,0.0,0.0,0.0,0.0,0.0,0.0,0.01,0.0,0.01,0.0,0.01,0.0
332,0.0,0.0,0.0,0.0,0.0,0.0,0.0,0.0,0.0,0.0,0.0,0.0,0.0,0.0,0.0,0.0
333,1.0,1.0,1.0,1.0,1.0,1.0,1.0,1.0,0.97,0.97,0.9,0.94,0.95,0.86,0.81,0.78
334,0.0,1.0,1.0,1.0,1.0,1.0,0.0,0.0,0.5,0.85,0.82,0.71,0.88,0.78,0.24,0.06
335,1.0,1.0,1.0,0.0,1.0,1.0,0.0,0.0,0.51,0.68,0.74,0.33,0.74,0.6,0.32,0.17
336,0.0,0.0,0.0,0.0,0.0,0.0,0.0,0.0,0.0,0.0,0.0,0.0,0.02,0.0,0.02,0.0
337,0.0,0.0,0.0,0.0,0.0,0.0,0.0,0.0,0.0,0.15,0.13,0.02,0.24,0.02,0.06,0.0
338,0.0,0.0,0.0,0.0,0.0,0.0,0.0,0.0,0.12,0.09,0.12,0.08,0.13,0.07,0.19,0.01
