,True_FPV,True_ATV,True_IDV,True_LPV,True_NFV,True_SQV,True_TPV,True_DRV,Pred_FPV,Pred_ATV,Pred_IDV,Pred_LPV,Pred_NFV,Pred_SQV,Pred_TPV,Pred_DRV
0,0.0,0.0,0.0,0.0,0.0,0.0,0.0,0.0,0.008135704196661306,0.002701387752058967,0.006873479488144584,0.0005224802981543765,0.05381238329740584,0.0016752171359051963,0.0129836817952348,0.00013848314205009728
1,0.0,0.0,0.0,0.0,0.0,0.0,0.0,0.0,0.001270804101651265,0.0025107851106866163,0.003336546565748978,0.0006622675477522779,0.006078556227818259,0.0016426108080784857,0.0033698620315815854,0.0001765830826774796
2,0.0,1.0,1.0,0.0,1.0,1.0,0.0,0.0,0.7881999652923466,0.8034327058300508,0.9608850926595015,0.2451769157122013,0.9907743143759382,0.8220807539662575,0.15956550506342465,0.0287828723536215
3,0.0,1.0,0.0,0.0,0.0,0.0,0.0,0.0,0.013348980112555428,0.1289959788123957,0.011613630558493886,0.002023697047823806,0.03982168347429766,0.0013120471881451572,0.021887808717075446,0.0003930634203462913
4,1.0,1.0,1.0,1.0,1.0,1.0,1.0,0.0,0.9989348225977666,0.9995024039472288,0.9993050700021371,0.9976889314355982,0.9999519480438065,0.9754162868317853,0.9621042139827765,0.11514929495395965
5,1.0,1.0,1.0,1.0,1.0,1.0,1.0,1.0,0.9844775380249349,0.9985799625215409,0.9998725016538498,0.9994075259324586,0.9999572454733758,0.9974333930460078,0.9620408483705519,0.9495614421729281
6,1.0,1.0,1.0,1.0,1.0,1.0,1.0,1.0,0.9998663293748106,0.9910826632208323,0.9936796420089538,0.9854016896242701,0.9886070453571489,0.980623992110666,0.8702124961155828,0.5935108489430532
7,0.0,0.0,0.0,0.0,0.0,0.0,0.0,0.0,0.024232054873586917,0.004926655528200072,0.011710035792681523,0.0005161109829310226,0.015293243870379308,0.0033418238863363006,0.14592697719979625,0.00496149180525395
8,0.0,0.0,0.0,0.0,0.0,0.0,0.0,0.0,0.0004687338195464499,0.0026566481346505626,0.0009139329107787828,0.00025770888640870717,0.03555118220701179,0.0004999257845359078,0.004688173436075779,0.000257733923778723
9,0.0,0.0,0.0,0.0,1.0,0.0,0.0,0.0,0.0028653676675670808,0.02168313452753997,0.018500883844482903,0.000806649873198778,0.32588630570967053,0.008390462806267884,0.017988350949363085,0.0003298380278466329
10,0.0,0.0,0.0,0.0,0.0,0.0,0.0,0.0,0.003520479553505731,0.004893104640233348,0.010892863997663807,0.0008041753503385001,0.05707812848777082,0.0022927352744964787,0.029239582990644233,0.0008237724934286631
11,0.0,0.0,0.0,0.0,0.0,0.0,0.0,0.0,0.0021857962063283245,0.004205756179005356,0.0033341663249663455,0.00047129537195951234,0.025513806950891657,0.0016007478789680414,0.0006445681961546914,0.001039408815717298
12,1.0,1.0,1.0,1.0,1.0,1.0,0.0,1.0,0.9640730690135341,0.9959431431837275,0.9996890226764262,0.9962801553595014,0.9996668360973001,0.9990937297589809,0.1048585613623598,0.5217501144645404
13,1.0,1.0,1.0,1.0,1.0,1.0,1.0,0.0,0.7830793530838108,0.9937497672312805,0.9984128326945076,0.6107621781068385,0.9961203637701384,0.3527210370191095,0.18156570573319192,0.46732953691851253
14,0.0,0.0,1.0,0.0,1.0,0.0,1.0,0.0,0.0060915223668264054,0.06443793612034894,0.05602761872253265,0.00171151782874064,0.08536041364955047,0.050353079475599506,0.04223152128110342,0.0008233811940957641
15,1.0,1.0,1.0,1.0,1.0,1.0,1.0,0.0,0.9981020861004942,0.9973722620153058,0.9992923208813332,0.8249568639022112,0.9864763821278472,0.8335871047687871,0.999343894805777,0.8733251470293946
16,0.0,0.0,0.0,0.0,0.0,0.0,0.0,0.0,0.003966683604269098,0.00663551729728381,0.005475334714955422,0.0005732257812413966,0.026972779621460104,0.005183954609408178,0.007544068211465092,0.00012725459390896412
17,1.0,1.0,1.0,1.0,1.0,1.0,0.0,0.0,0.9980282913060233,0.9994347824387216,0.9998857574756993,0.9996574106254652,0.999877457936576,0.9852450284405327,0.7128630402708543,0.18557830863998703
18,1.0,1.0,1.0,1.0,1.0,1.0,1.0,1.0,0.9843784110107426,0.9999194290605232,0.44603861990852633,0.9444951595182784,0.9975942635749258,0.48531071399419357,0.2629998660969122,0.9411520568853906
19,0.0,0.0,0.0,0.0,0.0,0.0,0.0,0.0,0.12299451141843296,0.023482343023044246,0.004066365037203255,0.001695208149251153,0.016892057350367945,0.006590289498360066,0.0090400042747275,0.00043196933191591845
20,0.0,0.0,0.0,0.0,0.0,0.0,0.0,0.0,0.0061821917315199966,0.005759644922302043,0.0030379607342420297,0.0010041861071431566,0.02055160881665477,0.0041061620102308604,0.020134839922551138,0.00040966895570732043
21,1.0,1.0,1.0,1.0,1.0,1.0,1.0,1.0,0.9999833636968857,0.989824658870052,0.9999587692188301,0.9998088671195597,0.9996434056191957,0.97174396114323,0.9990543021999114,0.9976541343117907
22,0.0,0.0,0.0,0.0,0.0,0.0,0.0,0.0,0.0041494761748316076,0.004006169790887159,0.0126064788999966,0.00020430326198068587,0.029008190061393865,0.0007214516740218222,0.004540021459410602,0.0002639269426290917
23,0.0,1.0,1.0,1.0,1.0,1.0,0.0,0.0,0.2474367686102667,0.5939253616922883,0.9589673452375541,0.8479882096004252,0.9992699656236649,0.9706511897320548,0.021767713855520184,0.0010754341507355823
24,0.0,1.0,0.0,0.0,0.0,0.0,0.0,0.0,0.878608088448294,0.9891089484884703,0.9083502786777845,0.19756874964893098,0.9471968017997214,0.03518620940541618,0.02600350411346452,0.00635319625751124
25,0.0,0.0,0.0,0.0,0.0,0.0,0.0,0.0,0.0024440286804729987,0.00469093317503553,0.011090406806742401,0.00034549928606448214,0.0075607999013351575,0.00031962653122194544,0.0010502849132529872,0.0005476649232826209
26,1.0,1.0,1.0,1.0,1.0,1.0,1.0,1.0,0.9998296200437782,0.9999841911869893,0.9998495250662848,0.9998957769624233,0.9999190942755595,0.9972479805156409,0.9988038854472059,0.9949102058051846
27,1.0,1.0,1.0,1.0,1.0,1.0,1.0,1.0,0.997850323066395,0.9964221403624366,0.9987563730188381,0.9966917052158344,0.9978612115578205,0.9982343611745594,0.9931027899259132,0.9835457313730288
28,0.0,0.0,0.0,0.0,0.0,0.0,0.0,0.0,0.0022152381004462403,0.0010950037261873522,0.0019236132284785486,0.00013637263603280076,0.011265097523325178,0.0002617417137624065,0.00708484617520184,0.00040311981442775393
29,0.0,0.0,0.0,0.0,0.0,0.0,0.0,0.0,0.0013617348968245414,0.06489782847433588,0.03659985957538441,0.0012242853199789484,0.0514930054297803,0.004710639315947969,0.006653104737415466,0.0001781999918884237
30,0.0,0.0,0.0,0.0,0.0,0.0,0.0,0.0,0.01842751921021496,0.13609973475038276,0.17826493461151996,0.0009085386026997573,0.04111737651412362,0.0025647982844558114,0.07163697825929188,0.00014374513815289505
31,1.0,0.0,1.0,1.0,1.0,0.0,0.0,0.0,0.18751266471447875,0.06905434055444945,0.05152150419711636,0.6837786530403466,0.07836997671727776,0.10331166612641679,0.09211415650027871,0.0073267556991505
32,0.0,0.0,0.0,0.0,0.0,0.0,0.0,0.0,0.0014191048965789116,0.004692591865220517,0.0009018390707694592,0.0008781500273178717,0.012571608391105434,0.0010930697522491784,0.008550892574105457,0.0005036969386514793
33,1.0,1.0,1.0,1.0,1.0,1.0,0.0,0.0,0.9591495393778017,0.9092172066630667,0.9999787216518404,0.9985644445880488,0.9997098562801658,0.9769130284607506,0.24535634658590763,0.055391360482258734
34,1.0,1.0,1.0,1.0,1.0,1.0,1.0,0.0,0.9930079677687171,0.9935149453679268,0.9957867799153266,0.9909355238137322,0.9985380861928964,0.9701657119518113,0.7174258152201696,0.15001651521776174
35,0.0,0.0,0.0,0.0,0.0,0.0,0.0,0.0,0.004073406782969613,0.014020137522663945,0.0032657891885176553,9.390458952570358e-05,0.0062747290706646995,0.001150309858646737,0.0013471245877741682,0.0001159503703814019
36,1.0,1.0,1.0,1.0,1.0,1.0,1.0,0.0,0.984318663017576,0.9672915719048621,0.9983804009498617,0.9921785039568045,0.9967908096866542,0.5677155265655189,0.9837666375693283,0.4121585566280049
37,0.0,0.0,0.0,0.0,1.0,0.0,0.0,0.0,0.029636756842575825,0.3944111766586024,0.19411379724860592,0.002517007628307104,0.34900823472252246,0.11845509029471725,0.11305976035851271,0.0006300747713181017
38,1.0,1.0,0.0,0.0,1.0,0.0,0.0,0.0,0.24222529410321214,0.9768572669064303,0.9949457129633662,0.08195348630282558,0.9750895153809254,0.46542918330516675,0.8092412688141251,0.04419851335450377
39,1.0,1.0,1.0,1.0,1.0,1.0,1.0,1.0,0.9999830647359499,0.9999642023125187,0.999729195925203,0.9956885413794809,0.9998047812270325,0.9953715229667112,0.9976788035648816,0.9989364219989074
40,1.0,1.0,1.0,1.0,1.0,1.0,1.0,1.0,0.9999944408257542,0.9995280059336031,0.9968601169551964,0.999769352147848,0.98170168355591,0.9737351327238174,0.9997825428814221,0.9947714331061447
41,1.0,1.0,1.0,1.0,1.0,1.0,1.0,1.0,0.9997263590128748,0.9999943960721993,0.9999407028462657,0.9979444897207352,0.9991218069379268,0.9983941220876706,0.9981278066761693,0.962989046790501
42,1.0,1.0,1.0,1.0,1.0,1.0,1.0,0.0,0.9853456185418887,0.9985370844296412,0.9997947915975657,0.9954906230299585,0.9999240342220822,0.9937360689382885,0.9362448055393536,0.00631461685359669
43,0.0,0.0,0.0,0.0,0.0,0.0,0.0,0.0,0.009933245422095636,0.03306211580179314,0.044289105167278395,0.001072499823535796,0.0571368209717067,0.003791042835896293,0.042799558798220956,0.002522950769490673
44,0.0,0.0,0.0,0.0,0.0,0.0,0.0,0.0,0.002888634562313461,0.006994031797905822,0.00422049824084472,0.00013201730957736099,0.010972306917674783,0.002991148365038975,0.020462119537054083,0.0007811979498471579
45,0.0,0.0,0.0,0.0,0.0,0.0,0.0,0.0,0.0076021271075700815,0.01979792516737352,0.00829376923140433,0.00011002670924655959,0.028351881321741376,0.0018634325116252822,0.013052031941327605,0.00018347481179084755
46,0.0,1.0,1.0,1.0,1.0,1.0,0.0,0.0,0.9530190635289745,0.9282221684202784,0.9968782495844154,0.9926705525115493,0.9983217294431621,0.9492310181348184,0.8217433292161519,0.021882212523807183
47,1.0,1.0,1.0,1.0,1.0,1.0,1.0,1.0,0.99789318171867,0.9989458348670825,0.9987603427355819,0.9955134257007547,0.9996634956088617,0.99398630612877,0.9806719689246913,0.08907850584170257
48,0.0,1.0,1.0,0.0,1.0,1.0,0.0,0.0,0.7763536068647504,0.998401359825607,0.9986480576121497,0.4584642711217733,0.9977531479718019,0.9988125532038098,0.1814917284170337,0.12943001143669045
49,0.0,0.0,0.0,0.0,0.0,0.0,0.0,0.0,0.003343768685956878,0.0029036787325038994,0.002346604320418105,0.0004716640323467389,0.0018852330610118525,0.0011717258316477463,0.010727802203821532,5.56914272064644e-05
50,0.0,0.0,0.0,0.0,0.0,0.0,0.0,0.0,0.002880330552476352,0.04470328829059613,0.14693807138296325,0.0002754772291866779,0.020024914365057645,0.0018807588357444749,0.01015935691511762,5.8708749324548544e-05
51,1.0,1.0,1.0,1.0,1.0,1.0,1.0,0.0,0.9834107803404355,0.9995537236925698,0.9999380686308029,0.9984676070950811,0.9999473886470757,0.9989414238938195,0.9515662097800862,0.05042078664861623
52,1.0,1.0,1.0,1.0,1.0,1.0,1.0,1.0,0.9994645427243763,0.9999810344356438,0.9999830434917354,0.9996189646033738,0.9998339976922939,0.9992371266091288,0.9834737622006752,0.31939148328311
53,0.0,0.0,0.0,0.0,0.0,0.0,0.0,0.0,0.002058103038085075,0.00044068338202733737,0.0019718074251205537,0.001037923945449555,0.006600218953643953,0.0002789021650567884,0.004376575463884464,0.0012375632293381393
54,1.0,1.0,1.0,0.0,1.0,1.0,1.0,0.0,0.04382857853635048,0.3819976850492179,0.03492380796524563,0.0696968099310951,0.16493514506298854,0.27090532721826366,0.9132152243497792,0.0018321244104139247
55,0.0,0.0,0.0,0.0,0.0,0.0,0.0,0.0,0.012073439669019337,0.0798058068171591,0.04053121140510822,0.0004881515730326453,0.0449402986486555,0.002905861662263653,0.012620973262604413,0.0009959264826927441
56,1.0,0.0,1.0,1.0,1.0,0.0,0.0,0.0,0.03636125806696955,0.016932104611843,0.0012518105939937484,0.0015346964833636003,0.004818218378047059,0.004223821979783847,0.5299573533488868,0.001933820825712524
57,1.0,1.0,1.0,1.0,1.0,1.0,0.0,0.0,0.9984287249655387,0.9979358097529959,0.9999231970999367,0.9987256999134658,0.9998543505488718,0.994617454369713,0.9761741990017666,0.19403336205512886
58,1.0,1.0,1.0,1.0,1.0,0.0,0.0,0.0,0.9970843998983896,0.9822860707712933,0.9894434395967034,0.9888749356483286,0.9994410196755092,0.5309195202431514,0.09468647254146657,0.06885575196180684
59,1.0,1.0,1.0,1.0,1.0,1.0,1.0,1.0,0.9999649854989007,0.9981619589277176,0.999620320582345,0.999550745328142,0.9984132186417262,0.5729211416523677,0.791349061729568,0.8745092626035607
60,0.0,0.0,0.0,0.0,0.0,0.0,0.0,0.0,0.052355520493919915,0.668032020631892,0.32108555702372255,0.0007138106100836825,0.6055079540709837,0.10227581550555426,0.7367482105464455,0.0032034778527985862
61,0.0,0.0,0.0,0.0,0.0,0.0,0.0,0.0,0.00208674955858523,0.0050097660154438724,0.0034026848958669106,0.0006745063857350411,0.005304499541777351,0.0015280688561746204,0.00801020153878049,0.00011776810851005697
62,1.0,1.0,1.0,1.0,1.0,1.0,1.0,0.0,0.899734658853546,0.8334892832753277,0.9994111487876423,0.978024331513379,0.9998229427862915,0.9529772827979707,0.14625842763732844,0.024955347450924842
63,0.0,0.0,0.0,0.0,0.0,0.0,0.0,0.0,0.021839267882175575,0.03259822305887464,0.012462276962355776,0.00037095605919905595,0.0376779032882216,0.005383226294321753,0.06280739300707038,0.000557737676357286
64,0.0,0.0,0.0,0.0,0.0,0.0,0.0,0.0,0.0014592788952269252,0.15404332702075563,0.01159062765480265,0.0005302113632829036,0.010686429013888723,0.0012374807665141304,0.022351098963205175,0.0002037688793910618
65,1.0,1.0,1.0,1.0,1.0,1.0,0.0,0.0,0.9857290335281137,0.9848247700678777,0.9932207518884985,0.9980410104754301,0.9990017313657916,0.8662613934342714,0.4961304888254411,0.009173474484507315
66,0.0,0.0,0.0,0.0,0.0,0.0,0.0,0.0,0.02024045898296699,0.011130028587130589,0.014291468420502051,0.00021647656640213099,0.014475342149036133,0.003677492307459668,0.03798331397499929,0.0006005751201443397
67,0.0,0.0,0.0,0.0,0.0,0.0,0.0,0.0,0.006469660873749952,0.0023334689052485883,0.0018764454885117237,0.00044592264179839017,0.018723119221734884,0.00032166121669567014,0.007071236858741934,0.0005128398407311571
68,0.0,0.0,0.0,0.0,0.0,0.0,0.0,0.0,0.1230736687043454,0.25379923419866324,0.08357442769285162,0.0035935827761118862,0.10954012357624554,0.01190732113079563,0.007220666015521743,0.00042349400985932127
69,0.0,0.0,0.0,0.0,0.0,0.0,0.0,0.0,0.0033645349337893806,0.0021509408331370503,0.0033841042053655256,0.0010799659107881563,0.012017107321780927,0.0014591255050377962,0.026006845889064604,0.0007651339303720073
70,1.0,1.0,1.0,1.0,1.0,1.0,0.0,0.0,0.9587526201919168,0.9904498096335883,0.9935413633297013,0.6450330018283268,0.9998189359915944,0.9952861931721579,0.03689910050345437,0.06960742556553452
71,0.0,1.0,1.0,1.0,1.0,1.0,0.0,0.0,0.6172464967887676,0.7217522245666167,0.9975224541900963,0.9376518639597662,0.9998865565212554,0.9706638416650002,0.1928809612107652,0.0014792866249103652
72,0.0,0.0,0.0,0.0,0.0,0.0,0.0,0.0,0.004490883082016281,0.0024068798570610374,0.008030232407729668,0.00024171610714472696,0.014027184334878344,0.0005197507591898513,0.013204668660782393,0.0004893152824839313
73,0.0,0.0,0.0,0.0,0.0,0.0,0.0,0.0,0.00017349041394954865,0.0018665959392918537,0.0006211842394063419,0.0002542597041562384,0.021439426621390947,0.0008900589332145487,0.051600991315540544,0.0028026436626438886
74,0.0,0.0,0.0,0.0,0.0,0.0,0.0,0.0,0.003768240036008116,0.05217258668829421,0.0019728175107216186,0.0004696286493059198,0.029831519602691113,0.0009526776255440485,0.11286936301560554,0.0010337069356789283
75,0.0,0.0,0.0,0.0,1.0,0.0,0.0,0.0,0.009758342712935207,0.15148777836226401,0.007829833239832646,0.0020866530767422536,0.15553498569146176,0.001302282928797081,0.01800712367769024,0.00011060574686488744
76,0.0,1.0,1.0,1.0,1.0,1.0,0.0,0.0,0.8870210024964961,0.9974046285201288,0.9997937251439378,0.9986332160899113,0.9999100294643146,0.9952001184803001,0.34193040979378575,0.1567222322964066
77,1.0,1.0,1.0,1.0,1.0,0.0,1.0,1.0,0.998439727622661,0.9922645720519641,0.8842460926296776,0.9981284473921298,0.946522307684032,0.46076657128617066,0.9799052378776738,0.916694407938708
78,1.0,1.0,1.0,1.0,1.0,1.0,1.0,0.0,0.9224612230916873,0.9800062941806432,0.9778485772515295,0.9277460038636027,0.9999290437100691,0.985534207313324,0.9149487226008814,0.25945499090816354
79,0.0,1.0,1.0,1.0,1.0,1.0,0.0,0.0,0.08390854819110677,0.1297285928032039,0.5185277352123462,0.36162742172793066,0.8142712309247677,0.3075481916981473,0.0019105189383398751,0.0004882227274153847
80,0.0,0.0,0.0,0.0,0.0,0.0,0.0,0.0,0.01145446692440075,0.03591794284580009,0.033630259573652115,0.0004301168263396525,0.03389253903742515,0.0005993609771174416,0.0030278423985265527,0.0002051258935002925
81,0.0,0.0,0.0,0.0,0.0,0.0,0.0,0.0,0.005955590234286431,0.003928978393066057,0.018289797252632696,0.0007211018747947219,0.027462895375756215,0.0018061210029288646,0.007963696102931496,0.0008807795580377447
82,1.0,1.0,1.0,1.0,1.0,1.0,1.0,1.0,0.9993331041173424,0.9997848234683043,0.9999381136595655,0.9998555126163978,0.9985791862134265,0.993158476315011,0.992808386646145,0.9935827935132628
83,1.0,1.0,1.0,1.0,1.0,0.0,0.0,0.0,0.7708435012353426,0.7785298591764988,0.8868213029551271,0.6496012570358481,0.9856095702706097,0.21500747265932602,0.1065771068931945,0.0411975641524419
84,0.0,0.0,0.0,0.0,0.0,0.0,0.0,0.0,0.002484117510365967,0.0025745756109677403,0.0005044868745205884,0.0006394525386298559,0.026088468991511946,0.000610376958954317,0.012949137490398133,0.00011546453850450651
85,0.0,0.0,0.0,0.0,0.0,0.0,0.0,0.0,0.0016794145174174463,0.00969787763067496,0.004520185899369553,0.0004287257971161632,0.025002353188768943,0.00118308634506549,0.002428895415592818,5.7293156747439005e-05
86,0.0,0.0,0.0,0.0,0.0,0.0,0.0,0.0,0.015409344197253688,0.11457297051855139,0.02920610172221196,0.000706558568958674,0.008146616678098934,0.0041684291162879025,0.01049403550913512,0.00013767043371193602
87,0.0,0.0,0.0,0.0,0.0,0.0,0.0,0.0,0.006149209548284425,0.01586056378365176,0.0014551112154941488,0.0005933783301859254,0.025434812101427322,0.00062223855635684,0.0320579572710909,0.0001763674681019285
88,0.0,0.0,0.0,0.0,0.0,0.0,0.0,0.0,0.005104887251942571,0.011023041033875903,0.0018488814203635048,0.0005934801151128466,0.01485248935621496,0.0030133308521585094,0.03455584712474863,7.167377816974121e-05
89,0.0,0.0,0.0,0.0,0.0,0.0,0.0,0.0,0.010040079676570633,0.0036196516161205545,0.002595041857993599,0.00030783439008459255,0.0058250118318454855,0.0006690162838309925,0.0025073712626141687,0.00011273729744176423
90,1.0,1.0,1.0,1.0,1.0,1.0,1.0,0.0,0.9870375348437488,0.9855090163837898,0.9997342925321212,0.9979594667704812,0.999918524513774,0.9991152842263435,0.8488371913334746,0.8161630129274942
91,0.0,0.0,0.0,0.0,0.0,0.0,0.0,0.0,0.011574817660500163,0.005200047430675321,0.0070860871544267,0.00016207307147100193,0.024732995716615584,0.0022006998949340943,0.0005168098516341074,0.00021617267096241233
92,0.0,0.0,0.0,0.0,0.0,0.0,0.0,0.0,0.0018366183432369512,0.0029222693784478116,0.001973910562475936,0.0004036060900376513,0.018190451752911323,0.0010172877616421326,0.0020603691092931867,0.00010137547824269654
93,0.0,1.0,1.0,1.0,1.0,1.0,0.0,0.0,0.014640381443553377,0.34524702119366957,0.1421445641243987,0.06655146825920437,0.326863139741027,0.10097122094936042,0.0015993961228258457,0.0002486522782862341
94,0.0,1.0,1.0,1.0,1.0,1.0,0.0,0.0,0.8725448668067732,0.9638735379423854,0.9802366578962654,0.9590074672249166,0.999749004241585,0.8876359003077087,0.7826975038158016,0.010213588733838843
95,0.0,0.0,0.0,0.0,0.0,0.0,0.0,0.0,0.00616283975381941,0.013825994937389225,0.010303415198696339,0.0006704640638256003,0.035053527245160726,0.0038508322763291304,0.011461414780575807,0.00012067578960490988
96,1.0,1.0,1.0,1.0,1.0,1.0,1.0,0.0,0.9766246978920108,0.9831319529161616,0.9996138888134576,0.9760152005244989,0.9998849503383163,0.9982031416535521,0.5496682986779877,0.45919269679672137
97,1.0,1.0,1.0,1.0,1.0,1.0,1.0,1.0,0.7821720200845901,0.991323423880128,0.9989621842907188,0.9509882448043174,0.9996328210090404,0.9949839032891308,0.7118281599914131,0.06262419158930954
98,0.0,0.0,0.0,0.0,0.0,0.0,0.0,0.0,0.000798950125230583,0.0030629654071077143,0.0028164995047412007,0.00013481106760272437,0.02063657440348054,0.0009383035440016293,0.0018199666476938318,0.0001031258276645379
99,0.0,1.0,1.0,1.0,1.0,0.0,1.0,0.0,0.00844288117960774,0.19008583299906365,0.03921125432297236,0.021773293048387012,0.14669526620433246,0.005991064886736314,0.022212202933221747,0.000159965874479957
100,0.0,0.0,0.0,0.0,0.0,0.0,0.0,0.0,0.0031243268850878678,0.0029673308008339146,0.0025403633741544417,0.0006534159618802009,0.010361925667476315,0.004835943592442996,0.006624225093184021,0.0005521202283548313
101,1.0,1.0,1.0,1.0,1.0,1.0,1.0,1.0,0.9214107874658176,0.9897663386237726,0.999181206807323,0.9814819881537038,0.999876897256589,0.9952268405886204,0.9963125708476017,0.10018824099615543
102,1.0,1.0,1.0,1.0,1.0,1.0,0.0,1.0,0.9994780666693889,0.9995855208836755,0.9963925089977944,0.9952107619344662,0.9997450588024372,0.926115930630418,0.969912572962503,0.8969039189376078
103,0.0,0.0,0.0,0.0,0.0,0.0,0.0,0.0,0.12557202696342787,0.34376230620606285,0.019623996494574192,0.007228721446396479,0.02514717933459317,0.07098876995023563,0.002417016851996748,0.0003842905264848466
104,1.0,0.0,0.0,0.0,0.0,0.0,1.0,0.0,0.6933169596414912,0.15857769036559569,0.05295109198943098,0.017391081609702947,0.05271395245124661,0.02027232006613374,0.3871984339265478,0.007695611820986007
105,0.0,0.0,0.0,0.0,0.0,0.0,0.0,0.0,0.008728687597571989,0.004960095660415189,0.0013864889407255198,0.0012687751303597358,0.023356825195482992,0.004593168951488821,0.028063311311633123,0.0008329451010857429
106,1.0,0.0,1.0,1.0,1.0,0.0,0.0,1.0,0.9781397259978801,0.40429788572041503,0.9953066908745957,0.9679457578998848,0.7581187240024876,0.7826497691616869,0.08510950825195815,0.5047587499379865
107,0.0,0.0,0.0,0.0,0.0,0.0,0.0,0.0,0.003537727710007626,0.00647601974311784,0.002603827590855726,0.00019202732556120887,0.010887255629990177,0.0005452014320307925,0.007769079272803816,0.0001975961533610443
108,0.0,0.0,0.0,0.0,0.0,0.0,0.0,0.0,0.0064803775559962185,0.009959519904806317,0.006309086935389889,0.001572549306182005,0.011714029353932478,0.003281936204087776,0.0006945150312688905,0.00012412139694985744
109,0.0,0.0,0.0,0.0,0.0,0.0,0.0,0.0,0.0023023023001217794,0.0038657082293285685,0.002299008917344163,0.00044357646156123205,0.00702390495339852,0.0036202187383290244,0.0029943235870912304,0.00014246540568348733
110,0.0,0.0,0.0,0.0,0.0,0.0,0.0,0.0,0.0036392054634129174,0.038776246272445705,0.009332989184187606,0.00048282758048396696,0.016542840912598927,0.0007926262066911931,0.004010811091079043,0.0008648787050603038
111,1.0,1.0,1.0,1.0,1.0,1.0,1.0,1.0,0.999923849777156,0.9985683062456945,0.9992201239060509,0.9983579984645092,0.9988758275320448,0.997578970040651,0.880564547806784,0.423553975394011
112,0.0,0.0,0.0,0.0,0.0,0.0,0.0,0.0,0.015090889252605363,0.12690513687571395,0.13431530408901382,0.008448242415665413,0.017254191565173695,0.0022476632285638493,0.19941439620511353,0.0017572309321827924
113,0.0,0.0,0.0,0.0,0.0,0.0,0.0,0.0,0.019163750469105508,0.004907193811099934,0.001557550133093372,0.0007810885392179234,0.047313018654134335,0.0018010602692788659,0.004380681091311343,0.00029825439505798087
114,1.0,1.0,1.0,1.0,1.0,1.0,0.0,0.0,0.9985899682390947,0.9922793460863892,0.9787846691863991,0.9209284027575256,0.9954317834743102,0.9703045526302415,0.28635318047553754,0.14664416835814
115,1.0,1.0,1.0,1.0,1.0,1.0,1.0,0.0,0.4805613457898584,0.959058978700655,0.9710593570105492,0.8998146608972545,0.9770069435410451,0.7554249413107287,0.7577344983671981,0.0001626063088630514
116,0.0,0.0,0.0,0.0,0.0,0.0,0.0,0.0,0.0033606284599642052,0.016723053127893538,0.013427978967183802,0.0014508227939590294,0.011878215571229903,0.0048338491053790825,0.005582971144948712,9.086918086724353e-05
117,0.0,0.0,0.0,0.0,0.0,0.0,0.0,0.0,0.0021859210515011683,0.002426188220009545,0.0013763066732692798,0.00021350944560022145,0.022880453950975294,0.000668457605128487,0.0029114387645530508,0.00017330821121904914
118,0.0,0.0,0.0,0.0,0.0,0.0,0.0,0.0,0.009602084851426133,0.001738550597991277,0.04282412873851859,0.0017942955495417945,0.027583872030082703,0.0031536469451423276,0.010193463950123558,0.0002332266683746558
119,1.0,1.0,1.0,1.0,1.0,1.0,1.0,0.0,0.9320510296633211,0.9951029157717356,0.9998357987584784,0.925555602595098,0.9999481208229338,0.9921416331006508,0.8598887627571191,0.08378785974262173
120,1.0,1.0,1.0,1.0,1.0,1.0,0.0,0.0,0.9929782077283587,0.9969634949079571,0.9990656139606343,0.9941374898368909,0.9997827297030503,0.9849667142523755,0.8738411757770407,0.023425486427321764
121,1.0,1.0,1.0,1.0,1.0,1.0,1.0,1.0,0.982843640302246,0.9999905673336528,0.9990162112344344,0.9999475212451587,0.9999663072963971,0.991640216024922,0.9965285344144519,0.5615047585414445
122,0.0,0.0,0.0,0.0,0.0,0.0,0.0,0.0,0.001436469669705439,0.025907004192230333,0.016309274917933853,0.0003873731161180744,0.01975336512609467,0.00022852494148153788,0.012603934523559462,0.0014092369341869367
123,0.0,0.0,0.0,0.0,0.0,0.0,0.0,0.0,0.0079649960674664,0.009592419488050454,0.0030199213969893317,9.832690438998142e-05,0.01656831224334471,0.0015486565315140839,0.005456270429370006,7.474612223086933e-05
124,1.0,1.0,1.0,1.0,1.0,0.0,0.0,0.0,0.9991605277653188,0.9756788294787481,0.9966905815555211,0.9647423788850983,0.9868671342042923,0.9181407604071202,0.05050868443837594,0.24718603306087134
125,1.0,1.0,1.0,1.0,1.0,1.0,1.0,1.0,0.9959083773749804,0.999964503632894,0.9971698705093061,0.9943663682179488,0.9998638949458338,0.9996444365422023,0.21298868210237976,0.3258916721260134
126,0.0,0.0,0.0,0.0,0.0,0.0,0.0,0.0,0.0010430948877421168,0.0019391875954547046,0.0014995802798760424,0.0007830784256032654,0.004766194915982454,0.0011900506897333388,0.012992859558598685,0.00034082101156931755
127,0.0,0.0,0.0,0.0,0.0,0.0,0.0,0.0,0.0028574065956520848,0.005453118137381403,0.0026953591084680957,9.203195430273021e-05,0.007991352188359214,0.0006284489350961822,0.004182838334739377,0.00019256691786777636
128,0.0,1.0,1.0,1.0,1.0,1.0,0.0,0.0,0.9609519543738738,0.9865391175333693,0.9999218981377114,0.9970578982779432,0.9991786723739672,0.9273121829827371,0.1387658440431369,0.00262490091878898
129,0.0,0.0,0.0,0.0,0.0,0.0,0.0,0.0,0.0073860768077411735,0.009579467018377374,0.0024000179565435782,0.0003946120301758488,0.03199401652459484,0.0038786735863388304,0.005029455081930802,0.0004609627976836125
130,1.0,1.0,1.0,1.0,1.0,1.0,1.0,1.0,0.9999988572609957,0.9999987068004373,0.9999846790287439,0.9998884083843471,0.9995136816284523,0.9996621035311358,0.9937254410114661,0.9984947416523022
131,1.0,1.0,1.0,1.0,1.0,1.0,1.0,0.0,0.5707061216347494,0.9418391271145784,0.9956265791794907,0.21595289693414493,0.9984481739238908,0.9731274616217346,0.12160495301940134,0.12668693636875952
132,1.0,1.0,1.0,1.0,1.0,1.0,1.0,0.0,0.9991718719885431,0.9959302258397283,0.9999554740750123,0.996845238324205,0.9992568813465142,0.6504350614323671,0.9995446748681368,0.9501295118972967
133,0.0,0.0,0.0,0.0,0.0,0.0,0.0,0.0,0.0035688784588001816,0.010754198822365184,0.0003698096378544408,0.00042661072647331695,0.01552862836559394,0.000901976250937297,0.012092056156166552,0.00015920001158811135
134,0.0,0.0,0.0,0.0,0.0,0.0,0.0,0.0,0.0021204565999891453,0.024983905982134166,0.01928560344082918,0.0004839710346458025,0.01240114897421635,0.010593427049587883,0.010914259493395436,0.0004834001974037906
135,0.0,0.0,0.0,0.0,0.0,0.0,0.0,0.0,0.0005036172084812792,0.009250604996475793,0.0012042834777736078,0.000855715192766015,0.0010930778611166982,0.0028061661140010383,0.015318930029698495,8.197700310503185e-05
136,0.0,0.0,1.0,0.0,0.0,0.0,0.0,0.0,0.09814431031175545,0.008505646335678642,0.02944931630912205,0.0041929425046338285,0.02682110171474307,0.004661773457237931,0.0179285218008889,0.0003644870849208623
137,0.0,0.0,0.0,0.0,0.0,1.0,0.0,0.0,0.10528610427990169,0.047068740020138645,0.009824202398007109,0.0032807903666126257,0.0465962618055604,0.028429100357589446,0.05658837719837923,0.004044363178312578
138,0.0,0.0,0.0,0.0,0.0,0.0,0.0,0.0,0.0005428084635964307,0.001618462654975909,0.004712732592436209,0.0018861316243182643,0.0024253434639662282,0.002866282057217754,0.003382763423259478,0.0009209866181554742
139,1.0,1.0,1.0,1.0,1.0,1.0,0.0,1.0,0.9932537037990669,0.9920367945872343,0.9336406289659747,0.9520147730779615,0.9607933410121109,0.14746082218204584,0.5425283454582049,0.8752629667017539
140,0.0,1.0,1.0,0.0,1.0,1.0,0.0,0.0,0.1466997635534952,0.6830556457153479,0.3996708451156271,0.0006862219140228976,0.7310730926935533,0.04834398895229713,0.0035915890145788608,0.0019219748233090625
141,1.0,1.0,1.0,1.0,1.0,1.0,1.0,0.0,0.9144328688939928,0.9952815197602226,0.9561358738610586,0.7591014337259988,0.9996405497780569,0.9228224704226975,0.9928272641158545,0.004079490179267789
142,0.0,0.0,0.0,0.0,0.0,0.0,0.0,0.0,0.0036663749139995063,0.0023352725690400536,0.001142410357847927,7.701161823561938e-05,0.006520840955820323,0.0004575914473324873,0.0073008261473015475,0.00010816946090589738
143,0.0,0.0,0.0,0.0,0.0,0.0,0.0,0.0,0.002874671354575868,0.0029482377857438487,0.001265853293795192,0.0003341263066900503,0.009078867043404286,0.0013745042295555824,0.004218828923595306,8.376576447351956e-05
144,1.0,1.0,1.0,1.0,1.0,1.0,0.0,0.0,0.9728135625636966,0.9905360394361112,0.9799460732375831,0.9973620779284408,0.9990221533588884,0.8420676852995144,0.7111167178127189,0.013724874524865881
145,1.0,1.0,1.0,1.0,1.0,1.0,1.0,1.0,0.9987022413289839,0.9950004403658792,0.9997695302237507,0.9818172381280594,0.9998665474294488,0.99812214524589,0.9495665857907006,0.9658057681376043
146,1.0,1.0,1.0,1.0,1.0,1.0,0.0,0.0,0.9849915837813041,0.9851536931748467,0.9999547554771363,0.8420174147811988,0.9986941378609282,0.9388369647180745,0.010312802296778827,0.35866673121068304
147,1.0,1.0,1.0,0.0,1.0,1.0,0.0,0.0,0.9542087180164281,0.9870181017831414,0.9968434793062457,0.33530071326192407,0.9988984569770252,0.9953322547930042,0.16729182036433246,0.15893221439874242
148,0.0,0.0,0.0,0.0,0.0,0.0,0.0,0.0,0.0067914568747803414,0.0038572046232835094,0.012296173802677713,0.0009282269819832241,0.03503060620977927,0.007872597885812663,0.0037344266657328277,0.0006773876336791851
149,1.0,1.0,1.0,1.0,1.0,1.0,1.0,1.0,0.9999799065784032,0.9999569444445489,0.9986799090124951,0.9937016149053057,0.999885238674599,0.986214326515927,0.9595230125458912,0.9748091098850467
150,1.0,1.0,1.0,1.0,1.0,1.0,1.0,1.0,0.9906756304671236,0.9965125769951039,0.9997174508891858,0.9965958791021589,0.9998948461163837,0.9984090064697625,0.8197515744386938,0.4872745555181488
151,0.0,0.0,0.0,0.0,0.0,0.0,0.0,0.0,0.006518373216648671,0.00920761092284958,0.006154922034136383,0.001034579734617328,0.04527917254284815,0.006529193575125895,0.005376141374505559,0.0004126178757983622
152,0.0,0.0,0.0,0.0,0.0,0.0,0.0,0.0,0.0016258356546823111,0.0014032641104673622,0.004504848157123684,0.0006183739343951915,0.03952990663677378,0.0029284596072886187,0.001062943918768431,0.00022170964920990467
153,1.0,0.0,1.0,1.0,1.0,0.0,0.0,0.0,0.4308462985344822,0.7854934020873053,0.9995907286280892,0.960594081549452,0.9789932669380464,0.44905737333786866,0.46334767287967155,0.011190940126285246
154,1.0,1.0,1.0,0.0,1.0,0.0,0.0,0.0,0.8626803656185924,0.9950526082404583,0.9919134286716033,0.6989258387467836,0.9933063054701036,0.3313432635035742,0.9584333993840175,0.33799899730382604
155,0.0,0.0,0.0,0.0,0.0,0.0,0.0,0.0,0.006556433464772565,0.003646936386165903,0.0018730635631022837,0.000513371023713764,0.008889056861804552,0.0013646362519384436,0.008203950392613986,0.0001217503656509784
156,0.0,0.0,0.0,0.0,0.0,0.0,0.0,0.0,0.006380361666919923,0.005816619127525784,0.01423339341782868,0.00044898840574948516,0.01108660799129264,0.0016873599393752133,0.01711153907218162,9.703552482236178e-05
157,0.0,0.0,0.0,0.0,0.0,0.0,0.0,0.0,0.00395046863440123,0.00552320943101546,0.0020455302112524294,0.00013042681450720956,0.02040525406051067,0.0030747533569418506,0.00811204213527606,0.0005775635046070055
158,1.0,1.0,1.0,1.0,1.0,0.0,1.0,1.0,0.998132636209055,0.9960040944056502,0.9988717773109185,0.9873425695490323,0.9973703834604519,0.32980108469379604,0.6419476780887727,0.6659919363209904
159,1.0,1.0,1.0,1.0,1.0,1.0,1.0,1.0,0.9972763790949766,0.9993140167439778,0.9998091730357139,0.9972774774674262,0.9985955392026375,0.99732979185096,0.17960127168480364,0.8849104565084372
160,0.0,1.0,1.0,0.0,1.0,0.0,1.0,0.0,0.9047761079871045,0.9951530386433889,0.9805555589089057,0.9673019111817264,0.9885783922993775,0.1452565076315849,0.7970564082246115,0.09328497325677054
161,1.0,0.0,1.0,1.0,1.0,0.0,0.0,0.0,0.9955668291916894,0.21370503878928124,0.6563568188115542,0.9960774962769281,0.7809837062599401,0.1117659544300651,0.012843909897449352,0.04727388271008416
162,0.0,0.0,0.0,0.0,0.0,0.0,0.0,0.0,0.0005371103101340969,0.0014009867461197531,0.0018858458205690263,0.0007015817918556693,0.017212056084519794,0.0008573628584619782,0.009042332792489081,0.0002697974317946913
163,0.0,0.0,0.0,0.0,0.0,0.0,0.0,0.0,0.0013421228258207983,0.0032548801802504126,0.0003643029127718062,0.0005501168541288068,0.005991398034289148,0.0010851129523017544,0.03127866225506098,0.00015692767846150948
164,1.0,1.0,1.0,1.0,1.0,1.0,1.0,0.0,0.9951972134165249,0.9971089923963984,0.9683049084113584,0.965485382286727,0.9873842723543338,0.9971772075076898,0.899433673729211,0.2809533478391089
165,1.0,1.0,1.0,1.0,1.0,1.0,0.0,0.0,0.9967104657951008,0.9990948019907897,0.9993116873104487,0.9991101296286407,0.9991502245608169,0.8722014917736827,0.643600152328392,0.35770106529478307
166,0.0,0.0,0.0,0.0,0.0,0.0,0.0,0.0,0.02196740765594639,0.06907295515015101,0.0035728984122082395,0.00015341413323021285,0.03172519439066944,0.006169825491407479,0.0907592552845647,0.0004929739415773662
167,1.0,1.0,1.0,1.0,1.0,1.0,1.0,1.0,0.999628159050007,0.9996088533361435,0.999897275726795,0.9988171789380063,0.9998414768285713,0.999714964702817,0.8182998258133667,0.9038103072615424
168,0.0,0.0,0.0,0.0,0.0,0.0,0.0,0.0,0.002178815390899893,0.001220446252248219,0.00295324875513455,0.00039567268225859404,0.012940339357792216,0.00039428006928210983,0.001638236996122995,0.0004612050483821137
169,1.0,1.0,1.0,1.0,1.0,1.0,1.0,0.0,0.9733519043221261,0.9952427318312421,0.9999359005839201,0.9391281010218183,0.9985870173453796,0.8600805094131536,0.40419691057871865,0.9373095174520112
170,1.0,1.0,1.0,1.0,1.0,1.0,0.0,0.0,0.8535006124524226,0.9519305461507441,0.9915013289772946,0.42643560598782726,0.9930258580085133,0.8703525686002409,0.5135060066482621,0.009187869964518765
171,1.0,1.0,1.0,1.0,1.0,1.0,1.0,1.0,0.9996871994793821,0.9998249357041896,0.9999061190751473,0.999849361219272,0.999552920984319,0.996772905655888,0.9753350193515049,0.6160434595637583
172,1.0,0.0,1.0,1.0,1.0,0.0,0.0,0.0,0.9694894823596715,0.548668000661768,0.9945102926908218,0.9993978286924157,0.9909937048639471,0.35489473270198196,0.0582113552021776,0.14131321140344627
173,0.0,0.0,0.0,0.0,0.0,0.0,0.0,0.0,0.002263568429347265,0.002717237800475756,0.005230670637380438,0.00022665688171637143,0.027326151936702278,0.0007290487213590379,0.001012145020225292,0.0006412157846536448
174,0.0,1.0,1.0,0.0,1.0,1.0,1.0,0.0,0.49130823396620876,0.5778236608246384,0.9692464503712159,0.008515691793203798,0.9982077157192102,0.928269381174406,0.21540933471939575,0.0015206275029615148
175,0.0,0.0,0.0,0.0,0.0,0.0,0.0,0.0,0.0013354273102626879,0.0023607671909873446,0.0034836374450727286,0.0004736812896021062,0.04964763473895072,0.0006237421161848809,0.0035476834912122777,0.00032347465788326325
176,0.0,0.0,0.0,0.0,0.0,0.0,0.0,0.0,0.002060225446034982,0.007955382321785855,0.0008356522051657017,0.00048781028091160244,0.002237324922579082,0.0012137925724058363,0.0021938028959243563,0.00014298524510150264
177,1.0,1.0,1.0,1.0,1.0,1.0,1.0,1.0,0.9918508342295904,0.99278930544519,0.9991756544181024,0.9976938843888931,0.9996686123608138,0.9948249233753058,0.8249551283992232,0.5706573476720113
178,0.0,0.0,0.0,0.0,0.0,0.0,0.0,0.0,0.002577061079280238,0.003963901837766514,0.001328464437720067,6.006950172822995e-05,0.006207470169626399,0.0005747765128496447,0.0022498246928188783,8.55486325399296e-05
179,1.0,1.0,1.0,1.0,1.0,0.0,1.0,1.0,0.9991648230161296,0.9998169015742774,0.9896873865992337,0.9959695416183322,0.9978906834900619,0.5498000395938063,0.9311889989170632,0.7353712550215173
180,1.0,1.0,1.0,1.0,1.0,1.0,1.0,1.0,0.999987824444961,0.9999863000893914,0.9999413393051679,0.9998685426298938,0.9985024870699055,0.9813546415522281,0.8359109075585499,0.6982698929726531
181,1.0,1.0,1.0,1.0,1.0,1.0,0.0,1.0,0.9976344233223912,0.997428542797575,0.9935324050870321,0.9898222581685157,0.9964560940847311,0.9984712649040398,0.01332796440889213,0.36820936817740324
182,1.0,1.0,1.0,1.0,1.0,1.0,0.0,1.0,0.9993643439099502,0.9867107333286707,0.9405228431066516,0.9992718231325902,0.9016776896054454,0.2706433319766877,0.5707210996105849,0.9926021799028156
183,0.0,0.0,0.0,0.0,0.0,0.0,0.0,0.0,0.001990310619321545,0.0077512728058892685,0.03930084484269948,0.004942216611010095,0.0015443448692164926,0.002233711060504926,0.028996331535480372,0.001301249356185738
184,1.0,1.0,1.0,1.0,1.0,1.0,1.0,1.0,0.9994643009056373,0.9980497755974801,0.9905664720762751,0.996913450575984,0.9900799032604973,0.9934801654142803,0.7597110348298145,0.6955719441693466
185,0.0,0.0,0.0,0.0,0.0,0.0,0.0,0.0,0.002060259870680593,0.0013161659238987663,0.005582844479840517,0.00043311953612577863,0.01968860984672683,0.0005744129933040762,0.003317574455009827,0.0004325095326452809
186,0.0,0.0,0.0,0.0,0.0,0.0,0.0,0.0,0.004028603314325521,0.0035261911324458604,0.0031121751686798396,0.0013416816875944488,0.0485561221381305,0.002488776285008611,0.0024214741875322144,0.00018827135947047956
187,0.0,0.0,0.0,0.0,0.0,0.0,0.0,0.0,0.01141733969919537,0.0032229644763894774,0.0029385571209733347,0.0009140661531546763,0.07533202191445221,0.0016879467569880426,0.007073969437410724,0.00017392728241681337
188,1.0,1.0,1.0,0.0,1.0,0.0,0.0,0.0,0.5029473444191596,0.5086000771611939,0.9864937879803288,0.9589946516052715,0.9951825842748094,0.8682783810518631,0.1677232231159763,0.03405998822191185
189,0.0,0.0,0.0,0.0,0.0,0.0,0.0,0.0,0.002801933248055149,0.009892594518527175,0.011617581426738872,0.0008661283479911371,0.015908916721554808,0.0013831138451789488,0.04394462389392818,0.0016286680132999497
190,0.0,0.0,0.0,0.0,0.0,0.0,0.0,0.0,0.0004890675941382854,0.007397552248190696,0.0025094311336936294,0.00020098111339249982,0.0204804175792695,0.002417841506257384,0.007917508175224817,0.0007884277423730954
191,0.0,1.0,0.0,0.0,0.0,0.0,0.0,0.0,0.14404009301584603,0.9831489143959035,0.054543568023469824,0.0014341586552914926,0.6146899225889186,0.0749349715931075,0.01218355608650717,0.003952092561400601
192,0.0,0.0,0.0,0.0,0.0,0.0,0.0,0.0,0.009286183427646961,0.01585513842361817,0.0011338569947930179,0.000942788341619489,0.007276180382202215,0.003495991047494409,0.02667988573949166,0.00024847633948573496
193,0.0,0.0,0.0,0.0,0.0,0.0,0.0,0.0,0.0031852023231270705,0.0010225286429843125,0.017036156012332503,0.0004797787664471794,0.004807157084523328,0.00029997334407587194,0.0038761739997706826,0.001985423677269278
194,1.0,1.0,1.0,1.0,1.0,1.0,1.0,0.0,0.9973529104507229,0.9999804720079924,0.9999690730342584,0.9990078318883965,0.9998569827933919,0.9990656129896394,0.9916144640960143,0.2946947242987714
195,0.0,1.0,0.0,0.0,1.0,1.0,0.0,0.0,0.02729482377053187,0.325362788600222,0.013057656219384964,0.00035117324727105425,0.05428281477424665,0.09684452316030695,0.1422997202059754,0.00023410280398889768
196,1.0,1.0,1.0,1.0,1.0,1.0,1.0,1.0,0.999965330954078,0.9999722416667195,0.9997665985359451,0.9896518270893028,0.9995430838872617,0.9984452343412963,0.9995663414592598,0.9991420467712405
197,1.0,1.0,1.0,1.0,1.0,1.0,1.0,0.0,0.9997888419208923,0.9949799167574657,0.9971141188063644,0.9980276534354184,0.9999321930031311,0.9952963654699709,0.9815333177286013,0.24314346794468858
198,0.0,0.0,0.0,0.0,0.0,0.0,0.0,0.0,0.05586508970147655,0.0653134241815702,0.03444047866561773,0.011226307272443847,0.003175477455847152,0.004065858426928776,0.1174508909241157,0.0030555680382731583
199,1.0,1.0,1.0,1.0,1.0,1.0,0.0,1.0,0.9768149550519521,0.9936057680031329,0.999648837003586,0.9984641098934895,0.9998615207530075,0.9994851737813126,0.12647650224405657,0.3404657470804701
200,0.0,0.0,0.0,0.0,0.0,0.0,0.0,0.0,0.006955180210306865,0.0021175371202194477,0.009554341602453529,0.0010071976011239885,0.01537744713763007,0.006407903837927869,0.009176587674907533,0.0010219420707026363
201,1.0,1.0,1.0,1.0,1.0,1.0,1.0,1.0,0.9999272005836956,0.9999370348946041,0.9993348535125575,0.9999660527456502,0.9995900629666398,0.800480853806535,0.861907034960143,0.9606003768594417
202,0.0,0.0,0.0,0.0,0.0,0.0,0.0,0.0,0.0017573146623140426,0.0020746954065066093,0.0011592720838201384,0.0002481843421979048,0.019708011343115266,0.0009403918665422614,0.0023897400579503828,0.0001570149827995302
203,1.0,1.0,1.0,1.0,1.0,0.0,0.0,1.0,0.968917332164691,0.7326721971092202,0.9999045010852363,0.9978009085113326,0.9994068787859605,0.429292085745686,0.17239766268990767,0.31467817876905446
204,0.0,0.0,0.0,0.0,0.0,0.0,0.0,0.0,0.003589810228436543,0.004760668818509325,0.002770961328104261,0.0011910936201871263,0.07659810284882411,0.0022106200981663604,0.0029430264920503437,0.00023760769387576577
205,0.0,0.0,0.0,0.0,0.0,0.0,0.0,0.0,0.001470432039695907,0.07655274686507013,0.008888414126602512,0.0010264573264712725,0.023906537379684435,0.0016084302044640098,0.01261459006921285,0.00015998034209159948
206,0.0,0.0,0.0,0.0,0.0,0.0,0.0,0.0,0.0008057304592837362,0.003220488362100625,0.0013257795950640907,0.0006082352665416644,0.005642703375110278,0.004495862886454306,0.0019289995563985072,0.00040632379886957384
207,0.0,0.0,0.0,0.0,0.0,0.0,0.0,0.0,0.02043486856475362,0.04449733147702978,0.02953708335905926,0.0012602329075349647,0.1013394591365648,0.008310670084898157,0.007478949205968796,0.0009222704935348986
208,0.0,0.0,0.0,0.0,1.0,0.0,0.0,0.0,0.13571887350876696,0.7103763251460343,0.8366001361618888,0.013154586159017892,0.9407133359536227,0.0625372469312864,0.44805876657664484,0.0017675952889979233
209,0.0,1.0,1.0,0.0,1.0,1.0,0.0,0.0,0.3522096413048991,0.9434843189548745,0.9968064902473303,0.013197974982916326,0.9981060492849787,0.842070668610552,0.007782253705580996,0.007950953403677552
210,1.0,1.0,1.0,1.0,1.0,1.0,0.0,1.0,0.998791296056135,0.9997700694717887,0.9997595520941726,0.9974721455625757,0.9970350190933145,0.9997302364020321,0.11891934940874509,0.692772395903442
211,1.0,1.0,1.0,1.0,1.0,1.0,0.0,1.0,0.9999680846999431,0.998597296525793,0.9931350292111276,0.9891604647131405,0.9384373631054427,0.30921760579480817,0.9812891409663667,0.9912319438138057
212,1.0,1.0,1.0,1.0,1.0,1.0,0.0,1.0,0.9982967917036771,0.9999626765411449,0.9986699365760369,0.9951418694780134,0.9997261587583395,0.8854051516535301,0.8113949496519687,0.6331165799245055
213,0.0,0.0,0.0,0.0,0.0,0.0,0.0,0.0,0.00041545429361476623,0.003602830979886381,0.0017869425385607276,0.00030295960920670765,0.004657701736890469,0.00018660987571268283,0.008382223398995482,0.0037126206976638098
214,0.0,0.0,0.0,0.0,0.0,0.0,0.0,0.0,0.003964916226726699,0.02980130667494333,0.003592815514781685,0.0002771039707985916,0.005187958884704486,0.0028547655705210835,0.006014523471351827,0.0001211926636003026
215,1.0,1.0,1.0,1.0,1.0,1.0,1.0,1.0,0.9973001197593928,0.9989247237578719,0.9978457883725194,0.9905107773736785,0.9998192295145094,0.9989096371672066,0.9753643582809708,0.14629928245617413
216,1.0,1.0,1.0,1.0,1.0,1.0,1.0,0.0,0.879130723824129,0.9931569133295052,0.9879846441125854,0.25342909560088767,0.9996655550796133,0.988708438048027,0.9385458014263758,0.04942362229288849
217,0.0,0.0,0.0,0.0,0.0,0.0,0.0,0.0,0.0012479171144186968,0.007537855632782012,0.002361675617080742,0.00020582359468325438,0.02189767170655967,0.004051677230459265,0.0036633186884134287,0.0003254304357252092
218,1.0,1.0,1.0,1.0,1.0,1.0,1.0,1.0,0.9995561509019977,0.9999030436915134,0.9884333024982915,0.9998313251591999,0.9988094843986502,0.8924423402340848,0.9986532904430342,0.9191882930085071
219,1.0,1.0,1.0,1.0,1.0,1.0,1.0,1.0,0.9625849109701553,0.993148210423001,0.9232479659473659,0.9909025202065199,0.997984976108298,0.9434452618814908,0.9732893426933426,0.20975762359697936
220,0.0,0.0,0.0,0.0,0.0,0.0,0.0,0.0,0.0024980842017760614,0.0031420582167642525,0.004445693970007966,8.932434386390855e-05,0.015898025046817813,0.0007014908653836861,0.0013342798760897457,0.00010883187735225452
221,1.0,0.0,0.0,0.0,0.0,0.0,0.0,0.0,0.05692252062409111,0.048464684010551796,0.33479825738820146,0.0019783397086258836,0.017654616695244724,0.0059019317270993885,0.6003163510014815,0.08211705656516981
222,1.0,1.0,1.0,1.0,1.0,1.0,1.0,0.0,0.9405923797952827,0.9985011896348527,0.9997025100172947,0.988573550390352,0.9996389251108395,0.9981588575778411,0.776108344171838,0.7913594987305045
223,1.0,1.0,1.0,1.0,1.0,1.0,0.0,0.0,0.5602813159999596,0.6839666189922374,0.9964984991994991,0.8992856073360547,0.9695575814926221,0.9952007896427965,0.9148853431875851,0.016502395055798865
224,0.0,0.0,0.0,0.0,0.0,0.0,1.0,0.0,0.025680989561857943,0.09295903784494462,0.006122513016179603,0.0031598979263712515,0.10122043747105049,0.007010619225948046,0.1697335401684313,0.0012254180123322468
225,1.0,1.0,1.0,1.0,1.0,1.0,1.0,1.0,0.9996976799629695,0.9993623344706534,0.993562287124967,0.9781002103337194,0.9991496593451913,0.9407397411641214,0.8996402498618958,0.9751823651338313
226,0.0,0.0,0.0,0.0,1.0,0.0,0.0,0.0,0.004368758479283677,0.18740789712492628,0.4803657420505499,0.004327438835690307,0.6154786535761828,0.33719033012195226,0.02255690148229718,0.0014946145724296913
227,1.0,1.0,1.0,1.0,1.0,1.0,1.0,1.0,0.9947872556349656,0.998891324105212,0.9999596842896064,0.9990268819921703,0.9998613245076491,0.997417922394816,0.9959679247881821,0.8352761310958087
228,0.0,0.0,0.0,0.0,0.0,0.0,0.0,0.0,0.022304184494718913,0.009709137194588293,0.0033618061796546125,0.004417951205181431,0.08872686195191343,0.008119984791028977,0.00623764541048586,0.0006795615711970781
229,1.0,1.0,1.0,1.0,1.0,1.0,1.0,1.0,0.9998680338734892,0.9991460658975476,0.9996431598607116,0.9999048779260999,0.9982361628473319,0.8879436390816969,0.9983908925207592,0.6485330398473739
230,0.0,1.0,1.0,1.0,1.0,1.0,1.0,0.0,0.6947992489825588,0.999090305330641,0.9998017401988613,0.9966207236348577,0.999928503346331,0.9988558643907927,0.9084528060890396,0.08753746611998599
231,0.0,0.0,0.0,0.0,0.0,0.0,0.0,0.0,0.004215145485975555,0.02054869918656463,0.0022985003055513158,0.0002036618337723853,0.0197889990194682,0.001960202272377411,0.02924478068755047,0.00013146237385959882
232,1.0,1.0,1.0,1.0,1.0,1.0,1.0,1.0,0.9992029815963374,0.9468852840764539,0.9911749958836558,0.9178650754714115,0.9975329834196938,0.8033648541627659,0.9856898297786365,0.08339468361002676
233,1.0,1.0,1.0,1.0,1.0,1.0,1.0,0.0,0.45272205956872597,0.9989945497249856,0.9951169511694742,0.9350254876119728,0.9997135276384992,0.9979958341765559,0.16557824959791967,0.013748571261154375
234,0.0,0.0,0.0,0.0,0.0,0.0,0.0,0.0,0.006253237640563686,0.004879720121768897,0.006401225497972353,0.0005914879677983228,0.030309912079729565,0.0010451524883217207,0.005104533487109551,0.00029299364283393926
235,0.0,0.0,0.0,0.0,0.0,0.0,0.0,0.0,0.0067319315978702195,0.029946851714603043,0.0018359714288253568,0.00024033081032620717,0.0358460014700502,0.00609885284439988,0.21527183880462733,0.0023415050802949415
236,0.0,0.0,0.0,0.0,0.0,0.0,0.0,0.0,0.0015605525396171372,0.006893077988538342,0.002262874079911846,0.0001300337660499118,0.005339423052789602,0.0013506530814771022,0.10430855812688436,0.0005297997423139656
237,1.0,1.0,1.0,1.0,1.0,1.0,1.0,1.0,0.996331363606574,0.9991139473704029,0.9999738127308118,0.9920996600123227,0.9997078303884048,0.9629563654772971,0.9055290716830651,0.9694214244968536
238,1.0,0.0,1.0,1.0,1.0,0.0,0.0,0.0,0.9893335235665243,0.2386474922058561,0.5678524051393096,0.8848323497747826,0.6204398739496858,0.2999642306155064,0.44175886958655797,0.5035915416977168
239,1.0,1.0,1.0,1.0,1.0,0.0,0.0,1.0,0.8889942403022123,0.8908950951968169,0.9954164916905619,0.984421726264604,0.9920812076407971,0.41588315408457477,0.4608958469581158,0.1866867774208969
240,1.0,1.0,1.0,1.0,1.0,1.0,0.0,1.0,0.9999509419520758,0.9998519006702347,0.9989676624742401,0.9994620786769379,0.9999961926661841,0.9930716450798708,0.939606765627689,0.9939829100438391
241,0.0,0.0,0.0,0.0,0.0,0.0,0.0,0.0,0.007156906130641842,0.032488061127649126,0.0030628475487642377,0.001472586817572347,0.050054521304961026,0.009973233949053067,0.13638932426977887,0.0007544023315324361
242,0.0,0.0,0.0,0.0,0.0,0.0,0.0,0.0,0.012225093597045962,0.00920194943426538,0.006473979781106437,0.0010739645063699403,0.01553111855250425,0.009689319410876642,0.14440507865047686,0.0008479443409789116
243,0.0,0.0,0.0,0.0,0.0,0.0,0.0,0.0,0.001377857113362427,0.049037301760804376,0.007747002518439338,0.0009614091948899279,0.05141399124125516,0.01156956652015353,0.007280809749621098,0.0006062570577887098
244,1.0,1.0,1.0,1.0,1.0,1.0,0.0,0.0,0.9834259637181518,0.9987849347638372,0.9996339996508443,0.997606766347588,0.9999774219879477,0.9993095168736215,0.9328654521483344,0.028548960193899485
245,1.0,1.0,1.0,1.0,1.0,1.0,0.0,0.0,0.8758660127800291,0.9036736877478493,0.9988209849153991,0.2607935055414605,0.9985158087981431,0.9335933904897741,0.4873085423130602,0.24914435244779154
246,0.0,0.0,0.0,0.0,0.0,0.0,0.0,0.0,0.006176258005453739,0.008991933082573924,0.00454311903875959,0.0008026940440800196,0.01274593297764356,0.002662772127912568,0.001438865027266244,8.926259862719526e-05
247,0.0,0.0,0.0,0.0,0.0,0.0,1.0,0.0,0.0652361816540602,0.029629080321271553,0.0003991445753988765,0.0014053317143952106,0.011185438668847527,0.001990805845388554,0.049087387741511924,0.0002916222536861459
248,1.0,1.0,1.0,1.0,1.0,0.0,1.0,0.0,0.9748884358561668,0.5651111749975674,0.9995839965297619,0.9995108661002895,0.980253403620653,0.7539538061548231,0.8797570217599607,0.273061246530806
249,0.0,1.0,1.0,0.0,1.0,1.0,0.0,0.0,0.09383204292292577,0.7721189572661755,0.98220087757976,0.15859500686280034,0.9970023098268569,0.951176399795071,0.046090981791717486,0.006244796019400591
250,0.0,0.0,0.0,0.0,0.0,0.0,0.0,0.0,0.11527053020297977,0.05627037529402721,0.04020768958474683,0.05667154378073954,0.2486718405748598,0.009177006142746627,0.0013377020301184258,0.0006517107036398704
251,0.0,1.0,1.0,1.0,1.0,1.0,0.0,0.0,0.940400523274349,0.9906038133859869,0.9970776728897571,0.9883308457029522,0.9986638704708272,0.9942278663290414,0.44451936221944627,0.027256590067496266
252,1.0,0.0,0.0,0.0,0.0,0.0,1.0,0.0,0.986099955102713,0.7016011605386259,0.6156073516096553,0.6484407380772701,0.9807457113183815,0.8208188170941201,0.9802884877611242,0.24298244322214488
253,0.0,0.0,0.0,0.0,0.0,0.0,0.0,0.0,0.006733697239867428,0.028701889562784764,0.016665419652063827,0.00034076428451771653,0.009483242341981887,0.002522732819182319,0.01042588691959407,4.965495947029103e-05
254,0.0,0.0,0.0,0.0,0.0,0.0,0.0,0.0,0.3709546262346252,0.003598208254457996,0.048659276136326375,0.007137814261115405,0.0038728332254682066,0.006328741421628054,0.0003216811975960903,0.0513833253285539
255,0.0,0.0,0.0,0.0,0.0,0.0,0.0,0.0,0.0023605990082142055,0.00833145735533353,0.0044350701348456435,0.0005300378986045227,0.024732118957159634,0.0005756925507411129,0.0028259813302618625,0.00042578562227468743
256,1.0,1.0,1.0,1.0,1.0,1.0,1.0,1.0,0.9940509494035249,0.9780835206441748,0.9992864404569684,0.9925135751339114,0.9995599352694416,0.999410876335187,0.5448669644538504,0.34006259001378203
257,1.0,1.0,1.0,1.0,1.0,1.0,1.0,0.0,0.7659921810586701,0.9944065548744263,0.9794786120397763,0.9821814685665863,0.9998646188417301,0.9296181046879332,0.9823376451462821,0.01620031767673289
258,0.0,0.0,0.0,0.0,0.0,0.0,0.0,0.0,0.0010013402267672266,0.0027612367970207764,0.0031416823121125847,0.00026229994928423766,0.012085955134144883,0.0015933936304522573,0.003590276756858218,0.0002942182788287963
259,0.0,0.0,0.0,0.0,0.0,0.0,0.0,0.0,0.002276980709110836,0.009287436993647282,0.00162791920004154,0.0008233421566524477,0.00478866343630512,0.0009042837803477001,0.005275606755393639,0.00034269448298405303
260,1.0,1.0,1.0,1.0,1.0,1.0,1.0,1.0,0.9998425184174771,0.999994641449412,0.9998346724480381,0.9988035473599154,0.9998442670224804,0.9931547174753068,0.9964157276543378,0.9665881027517033
261,1.0,1.0,1.0,0.0,1.0,1.0,0.0,0.0,0.041635116378194725,0.007347247050033214,0.2821565038718495,0.007836684152063504,0.5631377894932192,0.13540816794478527,0.0037111264339024902,0.003114008276125966
262,0.0,0.0,0.0,0.0,0.0,0.0,0.0,0.0,0.00437218955928305,0.004917804190617314,0.0015402992496499253,0.0003609210651901667,0.026981923118339978,0.0008580050599694143,0.0039181270326537525,0.00016195163638752817
263,1.0,1.0,1.0,1.0,1.0,1.0,0.0,0.0,0.9958798823016859,0.9987880061132139,0.9958186771664673,0.9900003814651176,0.9969603199931689,0.9968525592900173,0.48403649756363337,0.41494279950403573
264,1.0,1.0,1.0,1.0,1.0,1.0,1.0,0.0,0.9896146248920027,0.9818517608189867,0.999582924154519,0.9913284754594778,0.9997537343792512,0.950498086633785,0.3894594467227437,0.07527688877742061
265,1.0,1.0,1.0,1.0,1.0,1.0,0.0,0.0,0.8865498684534503,0.9219438507691777,0.9944844582712655,0.9723125143433975,0.9987854401138178,0.9469971754802287,0.004039876075601608,0.007708239813487688
266,1.0,1.0,1.0,1.0,1.0,1.0,1.0,0.0,0.9418955887539371,0.9954614719665792,0.9974758660802984,0.9620190390370924,0.9996465665992937,0.9966824507228542,0.978008195157373,0.0314679785108256
267,0.0,0.0,0.0,0.0,0.0,0.0,0.0,0.0,0.005609279657746565,0.0035274661110157243,0.0010272911607435078,0.00031219886940961393,0.07126800923787371,0.000905038299039752,0.005109291054877661,0.0008933866886500183
268,0.0,0.0,0.0,0.0,0.0,0.0,0.0,0.0,0.0035801724677068454,0.03570442859783764,0.037848997727117535,0.0005585803998923415,0.037929945434269405,0.001386019426455559,0.00877951675435548,5.709777493402787e-05
269,0.0,0.0,0.0,0.0,0.0,0.0,0.0,0.0,0.002105652669040673,0.017523147782118664,0.011683194790468119,0.0004827627949360225,0.007867929436171666,0.007399965715801519,0.06414112569503652,0.0010741818079492624
270,0.0,0.0,0.0,0.0,0.0,0.0,0.0,0.0,0.0005850538016066634,0.004317348336563138,0.003267022389945599,0.0001790930399165442,0.00835479541637307,0.000773710057394024,0.004125209378625915,0.00015013946642918182
271,1.0,0.0,0.0,0.0,0.0,0.0,0.0,0.0,0.10247084751725728,0.033895762326031656,0.018111081985151673,0.008214985155643065,0.18702261595610245,0.021962659188623813,0.0008937037790296958,0.0026209822837182715
272,1.0,1.0,1.0,0.0,1.0,1.0,0.0,1.0,0.9973817991607918,0.9962307977035029,0.908650449040771,0.8581378781168422,0.9977400531415633,0.9713265705845193,0.5130517720756684,0.2715497531276082
273,0.0,0.0,0.0,0.0,0.0,0.0,0.0,0.0,0.0011567267991425066,0.0014021159868271666,0.0007337407305018708,0.0004414032206366486,0.005576646921531726,0.0006294380032950922,0.003896947141600014,0.0005228611792110951
274,0.0,0.0,1.0,0.0,0.0,0.0,0.0,0.0,0.21271732770995647,0.6869288217944685,0.6549450657571105,0.7323774881727614,0.9697374155380277,0.37964456527413165,0.2918818811131562,0.0007554297560278368
275,1.0,1.0,1.0,1.0,1.0,1.0,0.0,1.0,0.9279057956828469,0.9917431373675555,0.6851738683552405,0.7408799776763948,0.9997730468821374,0.947903338537306,0.34714707518612214,0.00226965552809185
276,0.0,0.0,0.0,0.0,0.0,0.0,0.0,0.0,0.0014986826137911283,0.009803619247444289,0.0017257301150689363,0.00029310454549968766,0.0031646824452142715,0.0007424588605878477,0.011855207951923522,6.611307205115598e-05
277,0.0,0.0,0.0,0.0,0.0,0.0,0.0,0.0,0.011399279905459634,0.008455939755146543,0.014318186793230013,0.00026220374622666165,0.02935866880284943,0.0013529563519332837,0.006285153440052666,0.00010331344699366187
278,0.0,1.0,1.0,1.0,1.0,1.0,0.0,0.0,0.16890189571915407,0.9822731472800447,0.9750690222257453,0.9227472618769734,0.9971914032710709,0.9690577866648725,0.030360694788453477,0.005834276132872966
279,0.0,0.0,0.0,0.0,0.0,0.0,0.0,0.0,0.003170271153197846,0.0016895161963190314,0.02882824196080243,0.00035713277151843347,0.030289241215346215,0.0019000079882493751,0.0007271490001579281,0.0001905510712067582
280,0.0,0.0,0.0,0.0,0.0,0.0,0.0,0.0,0.0021688011798353555,0.0029296944319765735,0.0012809108915906322,0.0010748454050535806,0.004548579985535612,0.000823466234160837,0.017040328897127213,7.673315814496164e-05
281,1.0,1.0,1.0,1.0,1.0,0.0,0.0,1.0,0.998830300363238,0.9782010753955966,0.9995496201597538,0.9732157666035799,0.9870240604318642,0.7613230126792027,0.06782753311202233,0.16849858765784434
282,0.0,0.0,0.0,0.0,0.0,0.0,0.0,0.0,0.012462970158353867,0.05370952837480383,0.0654574172040884,0.0009462013957094844,0.021984223340997876,0.05283605809246419,0.0012688287852250196,0.00026242188795790023
283,0.0,0.0,0.0,0.0,0.0,0.0,0.0,0.0,0.0025144434922557803,0.00331364660208305,0.001034131273376531,0.0010924223905081295,0.026256025971827742,0.0007303615256991014,0.003849589617519425,0.00029106859073526226
284,1.0,1.0,1.0,1.0,1.0,1.0,1.0,1.0,0.9555982932475534,0.9999296727099047,0.9999195199783633,0.9986496765375783,0.998903184268429,0.9994852059183216,0.9978113275376256,0.6674397761678745
285,0.0,0.0,0.0,0.0,0.0,0.0,0.0,0.0,0.001158162082410427,0.16339924960830304,0.00420162664116305,0.0009844351440750588,0.009887561465909224,0.008245019398385586,0.02355337550666053,0.00037381733551929326
286,0.0,0.0,0.0,0.0,0.0,0.0,0.0,0.0,0.0018762650357914935,0.013961439815974438,0.006659958769571219,0.0001495151208938575,0.024614782220154643,0.005036090555888891,0.014510694196738333,0.0004975630609606451
287,1.0,1.0,1.0,1.0,1.0,1.0,0.0,0.0,0.92446476248414,0.845809790737115,0.999991011696061,0.9984790324601261,0.9993579710816324,0.9687621378941097,0.12946194688786022,0.03345119080038421
288,0.0,0.0,0.0,0.0,0.0,0.0,0.0,0.0,0.04759653442983795,0.014516633116167467,0.00947176888608066,0.012577554402846738,0.37956583915731473,0.01815388087560764,0.1147035576612858,0.002383342909306865
289,0.0,1.0,0.0,0.0,0.0,0.0,0.0,0.0,0.20502170751508397,0.5702860449184949,0.23975335360947522,0.0038339306747121656,0.06290814403705199,0.003448124725969973,0.0011793508331214458,0.00036832416507713334
290,1.0,1.0,1.0,1.0,1.0,1.0,0.0,0.0,0.9335007015215928,0.9999089327979429,0.9996215066586951,0.9980557875409287,0.9999995508439562,0.9913488494657654,0.881557989181778,0.0024701034127113035
291,1.0,1.0,1.0,1.0,1.0,1.0,1.0,1.0,0.9989246737285182,0.9953816900828302,0.9993179162461912,0.975283862189149,0.9997448596639243,0.9996929602594831,0.9970105262015369,0.9697284477190851
292,1.0,0.0,1.0,1.0,1.0,0.0,1.0,1.0,0.9992429626265438,0.8125254096350804,0.9631664836532224,0.9922380641558863,0.36057825291635903,0.1364719475298529,0.9734102118201184,0.992320959260287
293,1.0,1.0,1.0,1.0,1.0,1.0,0.0,1.0,0.9959917975598608,0.9732677829350344,0.9994327346404399,0.9874392136401702,0.9977345415510531,0.9953895783975623,0.7226595551698299,0.9662855111329307
294,1.0,1.0,1.0,0.0,1.0,1.0,0.0,0.0,0.6367087974821427,0.9714554321437532,0.9985408388439797,0.6001383460242545,0.9988145865558888,0.9860494175748544,0.061556441890276245,0.05501406812797815
295,0.0,0.0,0.0,0.0,0.0,0.0,0.0,0.0,0.004179333778742715,0.0031408088244161718,0.0019085150866212913,0.000924192997434983,0.020938793729118648,0.0021469107674320755,0.06587381588582807,0.0006663324105359008
296,1.0,1.0,0.0,0.0,1.0,0.0,0.0,0.0,0.9180231534202488,0.9867442986694499,0.8203014682089338,0.2641623450798053,0.9838149962455943,0.16944208582078055,0.971748088405915,0.4036584626386191
297,0.0,0.0,0.0,0.0,1.0,0.0,0.0,0.0,0.024428614659641777,0.23202024043541816,0.02700523765889106,0.0025366395195546934,0.3354209018057886,0.022260824963066052,0.09427570435049518,0.00012270166152280096
298,0.0,0.0,0.0,0.0,0.0,0.0,0.0,0.0,0.003217642460452402,0.019817990411307006,0.013899680282762639,0.0006397160672668689,0.004114838686783577,0.005347417279952149,0.015878127219231937,6.555956709307527e-05
299,1.0,1.0,1.0,1.0,1.0,1.0,1.0,0.0,0.9855499884648515,0.9239790871185158,0.9809490292511787,0.9918498960647465,0.998285843582705,0.8113532905556942,0.859462933074171,0.054917272602364446
300,1.0,1.0,1.0,0.0,1.0,1.0,0.0,0.0,0.724466269613745,0.9926594128727186,0.7987283900020531,0.6073298909220808,0.9977968930935299,0.9229659028716114,0.8476014428790748,0.06404561982077163
301,0.0,0.0,0.0,0.0,0.0,0.0,0.0,0.0,0.008504337819881379,0.05811122955734929,0.004013958552879145,0.027355752923522547,0.020702366237974782,0.0011458246573429526,0.43309968373643604,0.0012783976119765158
302,0.0,0.0,0.0,0.0,0.0,0.0,0.0,0.0,0.0021704574363939732,0.005388794782788965,0.0007116977812278643,0.00033146214095218886,0.0058132599743222334,0.0018571873729494582,0.0031490243581177493,9.138370889211573e-05
303,1.0,1.0,1.0,1.0,1.0,1.0,1.0,0.0,0.9459830602622011,0.9984370143020175,0.9772288846883388,0.3861847950239448,0.9993518771709612,0.9314139055428204,0.5051668524012441,0.09091590447281031
304,1.0,1.0,1.0,1.0,1.0,1.0,1.0,1.0,0.9999962649550307,0.9999504157182565,0.9989920013326342,0.9998936101645313,0.9991217213064192,0.9658408574664782,0.6211144842234928,0.9964952573340048
305,1.0,1.0,1.0,1.0,1.0,1.0,0.0,1.0,0.9301719906041462,0.8450018733295801,0.9814727157282332,0.9230109559179847,0.999667799318403,0.8835613422738852,0.0005472396322059548,0.9444805696701286
306,0.0,0.0,0.0,0.0,0.0,0.0,0.0,0.0,0.02000913575105651,0.016207516691548875,0.11147190262328668,0.0018942686736721337,0.1086839971547693,0.007468566286654374,0.019854792405462885,0.0002020387995521192
307,0.0,0.0,0.0,0.0,0.0,0.0,0.0,0.0,0.006702144382491603,0.05800578091122615,0.030163263434878452,0.0016864298423630007,0.025704602849570667,0.0014593408586907367,0.03231385045966277,0.00134330741845815
308,1.0,1.0,1.0,1.0,1.0,1.0,0.0,0.0,0.9992937775714635,0.9987031619721245,0.9999154489317952,0.99977471404764,0.99991123079052,0.9983075885045865,0.8086807565820987,0.24544166266704995
309,1.0,1.0,1.0,1.0,1.0,1.0,1.0,0.0,0.9959582683535244,0.9521260670566164,0.8817064797276275,0.9856676321344573,0.99646479344486,0.7636291935086721,0.9339734278773476,0.0279107793454946
310,0.0,0.0,0.0,0.0,0.0,0.0,0.0,0.0,0.004279758800764284,0.004286769012177261,0.00044873802804944917,0.0002800611713206911,0.009595384210004524,0.001217731541537281,0.009414250065743968,8.334729614613607e-05
311,1.0,1.0,1.0,1.0,1.0,1.0,1.0,1.0,0.9023274546073923,0.9949704672247925,0.997586099188154,0.9637333247068617,0.9941724209281755,0.9996414342626494,0.937559297060353,0.11665999906556491
312,1.0,1.0,1.0,1.0,1.0,1.0,1.0,0.0,0.9881431907973557,0.9992423247972269,0.999800336912898,0.9804004959912702,0.9998598555228494,0.9990758475513458,0.6966863723065757,0.46613799042084647
313,0.0,1.0,1.0,1.0,1.0,1.0,0.0,0.0,0.7795747112158828,0.886397073501035,0.997674627377409,0.9784025787131863,0.9999662127076565,0.9707913620207514,0.17237337042865475,0.0020140979610764904
314,0.0,0.0,0.0,0.0,1.0,0.0,0.0,0.0,0.036161351971975314,0.0445220972063581,0.07051168934402226,0.0006891865850778064,0.5106988756069503,0.06756740044254476,0.009138048043646011,0.00046386974163597025
315,1.0,1.0,1.0,1.0,1.0,0.0,1.0,0.0,0.7021651139446385,0.8317931952666958,0.8295436695792706,0.9653586692743992,0.9721881336111382,0.18076789416562988,0.9541685242789302,0.01578656459466356
316,0.0,0.0,0.0,0.0,0.0,0.0,0.0,0.0,0.008536064314151121,0.0021834517941583,0.018699209628249686,0.00206790447095882,0.00524181753152991,0.0016977206599712979,0.052980653332611115,0.0006253653051014578
317,0.0,0.0,0.0,0.0,0.0,0.0,0.0,0.0,0.005719350764173821,0.01038637567623366,0.023234852574332512,0.0008404090384815791,0.1071284971820299,0.0008272634146157289,0.006074690759988027,0.0003477615495580655
318,1.0,1.0,1.0,1.0,1.0,1.0,1.0,1.0,0.9999987906712186,0.9999950722479917,0.9999697823788081,0.9997305003312864,0.9992344847106264,0.9992650162540305,0.9994942782982181,0.9998921550609579
319,0.0,0.0,0.0,0.0,0.0,0.0,0.0,0.0,0.0015008537523729518,0.0027503705736706087,0.010444028604685926,0.0005389536663477937,0.01814793697305979,0.0027082199985726304,0.0020346552955308418,0.00022433601145442392
320,1.0,1.0,1.0,1.0,1.0,1.0,1.0,1.0,0.999859498152634,0.9988947038950478,0.9964084476561674,0.9960064103707037,0.9998358182778434,0.9980956559255219,0.936728554912198,0.9914066786547102
321,0.0,0.0,0.0,0.0,0.0,0.0,0.0,0.0,0.005492441095253274,0.01565460224488614,0.02016526949498791,0.0006340999519181312,0.00944553391880324,0.0005840211715143955,0.02797837903431199,0.000150540735950298
322,1.0,1.0,1.0,1.0,1.0,1.0,1.0,0.0,0.916895463386962,0.992356952178964,0.998981034482474,0.989591303892795,0.9987932234044208,0.9915244309535172,0.9824857241566143,0.11536983184568869
323,0.0,0.0,0.0,0.0,1.0,0.0,0.0,0.0,0.05256221770540652,0.162997141601955,0.01178839406992769,0.000981580424829461,0.5176636686856412,0.005635015699555144,0.01331789399641694,8.153193325165841e-05
324,1.0,1.0,1.0,1.0,1.0,1.0,1.0,0.0,0.9734487231072212,0.941845819715599,0.9996579490852128,0.9720684789670646,0.9997802551848206,0.9860317913267408,0.7320597864235612,0.09862871703343307
325,1.0,1.0,1.0,0.0,1.0,0.0,1.0,0.0,0.7719816612187455,0.9616647013638071,0.8158872190598414,0.6620939682032065,0.8626399425270258,0.06612418128557349,0.9909865134345425,0.6085034516836829
326,1.0,1.0,1.0,1.0,1.0,1.0,0.0,1.0,0.9675662145683279,0.9976191081939544,0.9987037168990491,0.9975461465798477,0.9999846350860685,0.9976827322954177,0.02266529151625848,0.9210023251528973
327,0.0,0.0,0.0,0.0,0.0,0.0,0.0,0.0,0.005881680029021744,0.0035916589280430666,0.0036927599644103323,0.0003110123755464998,0.0037815812265801965,0.0008302424508292062,0.014344594427404446,6.632670993406907e-05
328,1.0,1.0,1.0,1.0,1.0,0.0,1.0,0.0,0.928489632498326,0.9669322363715793,0.999355326517788,0.967625732706056,0.9863729391384353,0.025748423996238973,0.46716699705930564,0.5467186832262095
329,1.0,1.0,1.0,1.0,1.0,1.0,0.0,0.0,0.9904810668214457,0.9997431194910193,0.9995705271145408,0.9930476924433281,0.9999991663396917,0.9971989261204881,0.7857064038538331,0.02085966380860576
330,1.0,1.0,1.0,1.0,1.0,1.0,1.0,1.0,0.9999391970030133,0.9998669674964524,0.9997800422497427,0.9963390409976538,0.998997729149982,0.9961704437222841,0.9999594497365226,0.8910467445089184
331,0.0,0.0,0.0,0.0,0.0,0.0,0.0,0.0,0.003437734070469587,0.01848206933331971,0.0048528721120955805,0.00016617245646513335,0.011745119657465523,0.004609988554248928,0.009367596978894211,0.00016256774543031794
332,0.0,0.0,0.0,0.0,0.0,0.0,0.0,0.0,0.00037132673765767106,0.002715804638970417,0.0014204748587960646,0.0001740430052137576,0.007286944669389809,0.00039106121624269405,0.0065983056609475186,0.00020207909681812353
333,1.0,1.0,1.0,1.0,1.0,1.0,1.0,1.0,0.999592680856025,0.9999453281857313,0.997198868922295,0.9996843589238432,0.9996233462897041,0.9915666042289363,0.9973195576216811,0.9246170902456443
334,0.0,1.0,1.0,1.0,1.0,1.0,0.0,0.0,0.21329035433828633,0.9079241029053093,0.9719229071848877,0.8529898046836233,0.9986009079419672,0.9723322156550408,0.07263703028002733,0.0017700175627358634
335,1.0,1.0,1.0,0.0,1.0,1.0,0.0,0.0,0.8799057557151522,0.9964174290330572,0.9987034755555008,0.40765436311778874,0.9871849995498407,0.9475421343107296,0.043769489658450796,0.19535736420450728
336,0.0,0.0,0.0,0.0,0.0,0.0,0.0,0.0,0.0025839636107718553,0.0034511596250270614,0.003806007524623652,0.0007149330109092863,0.02642288762722206,0.003217070376973018,0.005808349181487419,0.0010068647789563557
337,0.0,0.0,0.0,0.0,0.0,0.0,0.0,0.0,0.006342806327346703,0.005301723130132071,0.014984085667889465,0.0005644477729761782,0.07007362865646634,0.0021772609771574507,0.023710803341870174,0.0013633526209754668
338,0.0,0.0,0.0,0.0,0.0,0.0,0.0,0.0,0.006549905374850651,0.01007008655049768,0.0055711539339702845,0.003084998143554594,0.02818099875984519,0.0003640817376166322,0.014858698263937367,0.0015003954148521592
